SKU,NombreProducto,Ventas_Proyectadas_Regular,Ventas_Proyectadas_Cyber,Elasticidad_IA
106543,FACES ESMALTE VERMELHO ASSUNSION,1.0,1.0,-0.0
106131,UNA SOMBRA STUDIO RF MARSALA MATTE,1.0,1.0,-0.0
106542,FACES ESMALTE ROSA MONTEVIDEO,2.0,2.0,0.05
106137,UNA RF SOMBRA STUD DOURADO SPARK 3G,1.0,1.0,-0.05
106128,UNA SOMBRA STUDIO RF MARR PROF MATT,1.0,1.1,-0.16
109144,FACES DELINEADOR RETRATIL PINK TREN,1.0,1.2,-0.54
67647,FACES MASCARA INCOLOR 7ML,6.7,11.4,-1.9
65830,FACES CANETA DELINEAD PRETA NV TERC 1ML,2.7,4.0,-1.32
109142,FACES DELINEADOR RETRAT MARROM POWE,1.8,2.6,-1.22
106138,UNA RF SOMBRA STUDIO PRATA SPARK 3G,1.0,1.0,-0.0
167186,FACES BATOM MULTIMIX CREM HEY HONEY,2.0,2.1,-0.19
114984,"FACES BATOM MULTM CREM CORAL FUN 3,5G",1.1,2.0,-2.36
81949,FACES GLOSS LICHIA GLACE,1.9,3.2,-1.73
106553,FACES ESMALTE MARROM NUDE SP,1.0,1.5,-1.25
148413,LUMINA RF COND CACHEADOS 300ML,6.3,11.2,-2.13
148162,LUMINA RF SH CACHEADOS 300ML,7.1,11.7,-1.75
106544,FACES ESMALTE LILAS CARACAS,1.0,1.5,-1.3
106534,FACES ESMALTE ROSA NUDE BUENOS AIRE,1.9,3.0,-1.48
102400,NATURE SH CACHINHOS DEFINIDOS 250ML,4.8,7.3,-1.47
147442,LUMINA RF SH ANTIOLEOSIDADE 300ML,9.5,18.5,-2.57
147445,LUMINA RF COND ANTIOLEOSIDADE 300ML,4.1,6.4,-1.52
147420,LUMINA SH ANTICASPA 300ML ARG,4.3,6.6,-1.49
91821,FACES CLAREA FACIAL PELE M O FPS15 S CT,7.5,13.3,-2.12
167191,FACES BATOM MULTIMIX CREM COBRE MYSTIC,1.1,2.0,-2.41
81946,FACES GLOSS DOLCE CHERRY BF 12ML,5.2,8.6,-1.76
9481,FACES BLUSH COLOR ROSA 69 3G,2.6,3.2,-0.6
9483,FACES BLUSH COLOR BRONZE 47 3G,2.1,2.2,-0.21
140741,FACES DELINEADOR RETRATI WINE 280MG,1.0,1.1,-0.33
9009,"FACES RF PO COMP MATTE CLARO24 6,5G",1.1,1.8,-1.86
148406,LUMINA RF COND MASC CACHEADOS 250ML,3.9,5.2,-0.89
12172,FACES REFIL PO COMPACTO MEDIO 22,1.0,1.3,-0.92
110262,FACES MASCARAVOLUME CILIOS,2.1,3.6,-2.04
148405,LUMINA RF COND BRILHO COR 300ML,2.8,4.4,-1.5
106418,MMBB RF HID TRAD 200ML NV,3.5,6.9,-2.61
90176,FACES SECATIVO NEUTRALIZ SAVE ME UP,3.7,8.0,-3.09
95035,EKOS FLUIDO MASS MARAC ANGAT 100G,2.7,3.3,-0.61
134588,CHRONOS D REF AGUA MICELAR PS 150ML,2.0,2.9,-1.19
92549,UNA GLOSS LABIAL FPS15 PEROLA 100,2.0,2.4,-0.58
189401,TODODIA DES ROLLON ALGODAO 70ML,31.4,44.2,-1.1
86022,TODODIA SAB LIQUID AVELA CASSIS 300ML,3.8,6.1,-1.65
91192,TODODIA SAB LIQ MANGAROSA 300ML,7.3,12.0,-1.76
109141,FACES DELINEADOR RETRATIL BLACK INK,2.0,3.1,-1.36
19904,EKOS POLPA HID MAOS TUKUMA 75G LTM,10.2,16.0,-1.53
92807,MMBB OLEO BANHO HID PSE 200ML,3.2,5.3,-1.75
92795,MMBB SABONETE EM BARRA 5X100G BTV,5.1,9.2,-2.2
9921,FACES LAPIS PARA OLHOS MARROM,1.5,2.6,-1.96
147444,LUMINA COND ANTIQUEDA 300ML ES,2.7,4.0,-1.21
113243,EKOS SH MURUMURU ANGT 300ML,2.0,3.0,-1.4
113244,EKOS COND MURUMURU ANGT 300ML,1.7,2.9,-1.94
148403,LUMINA RF COND CR PENTEAR CACHOS 300ML,8.7,13.5,-1.48
56956,KAIAK URBE RF DES CORPORAL ARG NV,2.2,3.2,-1.14
148449,LUMINA COND SPRAY BRI COR 150ML PS,2.5,3.6,-1.22
3379,FACES BATOM COLOR HID FPS8 CORAL 805 ABM,1.0,1.2,-0.54
6422,FACES BAT COLOR HID FPS8 MARROM 470 ABM,1.2,2.0,-1.81
148440,LUMINA COND MASC CACHEADOS 250ML TERC PS,2.8,4.4,-1.56
147412,LUMINA RF SH NUTRICAO 300ML,4.6,7.4,-1.63
103593,TODODIA HID AGUA PREBIO MANGA ROSA 150ML,3.1,6.5,-2.96
78937,NATURA HOMEM SAB BARRA 3X110G,5.2,8.2,-1.59
110680,UNA RF PO COMP NUDE ME 21N 10G,1.0,1.3,-0.64
15353,UNA ESMALTE 3D GEL CONTORNO 590,1.1,1.2,-0.19
106416,MMBB SABONETE LIQUIDO RELAXANTE 200ML,3.3,5.8,-2.11
92576,UNA BLUSH REALCE ME RF BRONZ PEROLAD ARG,1.0,2.1,-2.88
92567,UNA LAPIS PRO LABIAL ROSE,1.0,2.0,-2.4
104882,UNA REF BASE HD 24F,1.0,2.0,-2.56
104878,UNA REF BASE HD 21Q 21C,1.2,2.0,-2.06
148425,LUMINA COND LEAVE IN SOLAR 150ML TERC PS,6.8,10.1,-1.3
8848,FACES CJ PO COMP MATTE CLARO 24,1.9,2.4,-0.67
148419,LUMINA SPRY REA CACH CRE 150ML PS,6.4,7.6,-0.52
118999,EKOS RF EDT ISHPINK 150ML LTM,2.4,3.1,-0.84
91217,TODODIA DEO CREME MANGAROSA 80G.,3.1,5.1,-1.74
147421,LUMINA SH ANTIQUEDA 300ML PS,4.1,6.3,-1.46
106121,UNA MASCAR CILIOS VOL MAGNIF PROVAG,2.0,3.0,-1.5
34262,UNA DELINEADOR CANETA PRETO REV NP,3.6,6.3,-2.01
106296,UNA SERUM LABIAL ROXO 1.8G,2.1,3.4,-1.62
112777,EKOS COND MASCARA FORT PATAUA ANGT 200G,6.9,11.4,-1.79
5852,TODODIA SAB LIQUID FRAMBOESA 300ML ARG,6.3,9.9,-1.53
2832,TODODIA SAB BARRA NOZPECA 5X90G TERC NV,20.5,22.1,-0.21
103152,FOTOEQ PROT SOL FAC GEL FPS30 50G LTM,1.3,1.9,-1.42
2821,TODODIA RF HID DES NOZ PEC 400MLNV,2.1,3.4,-1.7
71596,TODODIA RF HID DES CORP FLIMAO 400ML PM,6.0,7.9,-0.85
147447,LUMINA RF COND MASC NUTRICAO 250ML,4.1,6.0,-1.32
78906,NATURA HOMEM CREME DE BARBEAR 75G NV,6.1,10.2,-1.79
137981,CHRONOS D REF ESPUMA LIMPEZA PS 150ML,2.1,3.6,-1.89
110261,FACES MASCAR ALONGAMENTO CILIOS,2.5,4.0,-1.55
147401,LUMINA COND ANTIOLEOSIDADE 300ML ARG,1.6,2.9,-2.15
95757,UNA DELIN MATTE PEEL OFF PARA OLHOS,2.0,2.4,-0.55
109143,FACES DELINEADOR RETRATIL AZUL DEEP,1.6,2.1,-0.92
122122,UNA CORRET COB EXTR 10N 8ML,3.7,5.8,-1.51
95808,AGUAS COLONIA VIOLETA 150ML ARG,2.1,3.2,-1.4
95809,AGUAS COLONIA CITRICOS 150ML ARG NV,2.8,4.0,-1.17
124396,EKOS SAB BARRA MONOPACK ANDIROBA 4X100G,7.2,14.1,-2.6
116188,FACES BATOM MULTIMIX CREM VERMELHO HOT,2.0,2.1,-0.11
112784,EKOS RF OLEO DES HID TRIF PITA 200ML LTM,2.6,3.6,-1.1
72181,TODODIA HID PES FOLHA LIMAO 50ML PM,3.7,7.9,-3.08
70401,EKOS SAB LIQ MAOS MARA ANGT 250ML,3.0,4.2,-1.04
106123,UNA MASCARA CILIOS 2 EM 1,4.2,8.1,-2.56
70981,EKOS POLPA MAOS PES CASTANHA 60G NF,8.0,11.8,-1.31
80912,EKOS DES HID CORP UCUUBA 400ML ARG AVN,4.6,6.9,-1.38
147406,LUMINA RF COND CR PENTEAR NUTRICAO 250ML,2.9,4.2,-1.15
2835,TODODIA SAB BARRA FLIMAO 5X90G PM,5.3,6.9,-0.8
90965,CT TDIA SAB BAR MANGA COCO 5X90G CDXII,6.1,8.7,-1.13
148159,LUMINA COND AMPOLA MATIZACAO 20ML PS,3.0,3.9,-0.85
9910,FACES LAPIS PARA OLHOS PRETO,3.2,6.0,-2.42
28175,ERVA DOCE RF SABONETE LIQUIDO MAOS 250ML,8.0,13.1,-1.74
92791,MMBB RF SHAMPOO 200ML,9.3,15.0,-1.68
147451,LUMINA RF COND ANTIQUEDA 300ML,6.0,7.9,-0.89
70392,EKOS RF SAB LIQ ESF MARACUJA 185ML,8.1,14.4,-2.14
103150,FOTOEQ LOC PRO CRIANCA FPS50 200ML LTM,2.0,3.4,-1.97
69724,CHRONOS MASCARA ARGILA PELE OLEOSA,1.2,2.7,-3.51
17042,UNA CANETA DELIN SOBRAN CAST CLARO,1.4,2.0,-1.09
56747,KAIAK MASC DES CORPORAL,5.4,6.9,-0.76
92604,UNA GLOSS LABIAL FPS15 VERMELHO 100 SSG,1.1,2.0,-2.22
135057,CHRONOS D ESFOL TRIPLA ACAO PS 50G,12.7,14.0,-0.27
95034,EKOS HID MAOS PITG 75G COL,15.0,22.9,-1.41
153720,UNA BRUMA FACIAL HID FIXADORA 100ML,6.3,8.0,-0.73
92531,UNA BATOM CC HIDRAT FPS25 ROUGE 4C,1.0,2.1,-2.66
112779,EKOS REFIL SH PATAUA NFV 300ML LTM,8.0,12.8,-1.63
95133,EKOS POLPA HID MAOS CAST 40G,15.9,26.9,-1.88
134589,CHRONOS D REF AS 45 NOITE PS 40G,2.0,3.0,-1.43
203390,EKOS DES HID POLPA TUKUMA 400ML LTM,11.6,11.1,0.13
134591,CHRONOS D RF AS 30 FPS30 DIA 40G,2.6,6.4,-3.99
133503,CHRONOS D AGUA MICELAR PS 150ML,1.8,2.3,-0.78
112892,EKOS SERUM NOTUR CAP MURU ANGT 30ML,5.6,9.4,-1.85
148399,LUMINA RF COND RECONSTRUCAO 300ML,6.4,11.5,-2.13
133871,EKOS RYOS EDT VIVO 75ML ARG,1.9,1.9,-0.03
102402,NATURE COND CACHINHOS DEFINID 250ML,3.5,5.4,-1.47
75363,TODODIA DES HID FLIMAO P 400ML R ARG AVN,3.2,5.6,-2.06
70398,EKOS RF SAB LIQ GEL MARACUJA 195ML,4.1,7.1,-1.91
122113,UNA CORRET COB EXTR 21N 8ML,1.6,2.6,-1.66
5857,TODODIA SAB LIQUID FRUTAS VERM 300ML,8.4,12.5,-1.34
26441,ERVA DOCE SAB LIQ MAOS 250ML,3.7,5.9,-1.58
148158,LUMINA SH MATIZACAO 300ML ARG,8.4,11.8,-1.07
102395,NATURE SH CABELOS LISOS 250ML,4.8,7.5,-1.49
162099,TODODIA DES ROLLON LIMAO 70ML,19.0,27.1,-1.17
147448,LUMINA COND AMPOLA NUTRICAO 20ML PS,4.1,6.0,-1.19
96519,TODODIA DES CREME ALGODAO INVISIVEL 80G,5.1,6.8,-0.91
112781,EKOS REFIL COND PATAUA NFV 300ML LTM,4.4,7.2,-1.73
111332,CHRONOS BALM HIDRA TRAT OLHOS 15G,3.1,5.6,-2.2
106124,UNA MASCARA DE CILIOS SECRET 8ML,2.8,6.2,-3.19
147450,LUMINA RF SH ANTIQUEDA 300ML,9.5,13.6,-1.18
78909,NATURA HOMEM BALM POS BARBA 75ML NV,12.2,17.7,-1.23
147414,LUMINA RF SH HIDRATACAO 300ML,6.7,12.0,-2.18
78904,NAT HOMEM SHAMPOO 2 EM 1 300ML,9.6,14.8,-1.46
70723,UNA MAXXI PALETTE DE SOMBRAS INTENSA,2.7,3.5,-0.73
134700,CHRONOS D REF AS 60 FPS30 DIA PS 40G,3.8,5.9,-1.45
113705,AGUAS EDT FRUTAS TROPICAIS 150ML MEX,2.2,2.9,-0.88
103155,FOTOEQ PROT SOL FAC LOC FPS50 50G LTM,3.5,5.7,-1.76
57351,NATURA HOMEM CLASSICO EDT 100ML LTM,2.0,3.6,-2.1
129799,EKOS SAB BAR MULTI REFR ANGT 4X100G,13.0,18.9,-1.22
116584,LUNA RADIANTE 75ML EDT ARG,2.1,3.2,-1.47
83323,KRISKA SHOCK EDT FEMININO 100ML LTM,23.2,26.0,-0.33
72179,TODODIA HID MAOS NOZPECA FPS 50ML NV,4.7,7.8,-1.81
135043,CHRONOS D ESSENCIA TRATAMENTO 100ML,2.4,3.5,-1.16
2825,TODODIA RF HID DES CORP FRU VER 400ML,17.2,20.3,-0.48
2819,TODODIA RF HID DES CORP FRAMBOE 400ML,16.8,19.3,-0.41
147434,LUMINA SPRAY HIDRA 150ML PS,3.7,5.9,-1.62
72981,EKOS DES HID CORP UCUUBA MANT ANGT 200G,4.9,6.4,-0.82
135068,NAT HOMEM ELO EDP LTM 100ML,2.4,4.1,-1.82
148421,LUMINA COND SERUM RECONS 100ML PS,4.8,6.4,-0.91
44171,ILIA NATURA FEMININO 50ML MO ARG,4.9,7.0,-1.13
191905,TODODIA DEO ROLL ON HOJAS L Y GUANÁBANA 70ML,9.7,14.1,-1.25
2831,TODODIA FRAMBOESA SAB EM BARRA 5X90G,5.8,8.6,-1.35
147449,LUMINA SH ANTIOLEOSIDADE 300ML ARG,3.9,5.3,-0.98
80969,EKOS POLPA HID MAOS UCUUBA 75G,17.6,29.5,-1.85
129797,EKOS SAB BAR MULTI ESFOLIA 4X100G,15.6,20.5,-0.85
148157,LUMINA RF SH MATIZACAO 300ML,14.8,27.5,-2.34
147427,LUMINA SERUM ANTIQUEDA 100ML TERC PS,7.7,12.5,-1.71
64746,HUMOR EDT PG PRIMEIRO JUST 75ML ARG,16.8,20.6,-0.61
64750,HUMOR PAZ E HUMOR EDT MASC 75ML ARG,3.7,7.2,-2.53
189398,KAIAK DES ROLLON URBE 75ML,15.4,22.1,-1.17
90175,FACES SABONETE GEL FACIAL ENERGY SHOT,8.0,14.1,-2.09
118996,EKOS RF EDT CASTANHA 150ML LTM,12.8,14.8,-0.43
119000,EKOS RF EDT PITANGA 150ML LTM,6.5,9.1,-1.09
97019,HOMEM DES SPRAY POTENCE 100ML LTM,20.0,30.4,-1.42
73575,EKOS PITANGA EDT PRETA FEM 150ML LTM,7.4,10.2,-1.03
164454,EKOS COND PATAUA 100ML LTM,10.0,8.2,0.49
114464,TODODIA SAB BARRA SORTIDOS 5X90G,18.5,26.2,-1.13
1897,HUMOR EDT BEIJA EU PG 75ML COL,17.4,22.3,-0.76
122499,EKOS OLEO FORT PATAUA NFV 60ML TERC LTM,15.1,18.7,-0.65
110192,UNA BASE SERUM NUDE ME 29N SCH,1.0,2.3,-3.24
111171,KAIAK CLAS MASC EDT 100ML COL,13.7,16.9,-0.65
83641,TODODIA SAB LIQ INTIMO SUAVE CONFORTO,8.2,13.1,-1.64
135058,CHRONOS D REF DEMAQ BIFASICO PS 150ML,6.0,9.0,-1.33
26384,ERVA DOCE SAB BARRA CREMOSO 3UN 90G,8.3,12.1,-1.26
102397,NATURE COND CABELOS LISOS,3.1,5.7,-2.21
2771,UNA EDP 50ML RELANCAMENTO MO ARG,2.8,3.9,-1.06
168744,CHRONOS SAB LIQ ANTIOL RPCK 130G LTM,2.0,3.0,-1.3
70409,EKOS SAB LIQ ESFOL PITANGA 185ML,2.8,4.0,-1.1
116582,LUNA ABSOLUTA 75ML EDT ARG,2.4,4.0,-1.8
95810,AGUAS NAT COLONIA JABUTICABA 150ML MEX,5.5,7.7,-1.13
147402,LUMINA RF COND HIDRATACAO 300ML,5.0,8.4,-1.88
2179,ERVA DOCE DES CREME INVISIVEL 80G,7.9,11.9,-1.4
131456,CHRONOS SERUM INTENSIVO ANTIOXIDANTE,2.1,3.9,-2.32
96735,CHRONOS SUPER SERUM 30ML,5.1,7.6,-1.3
148443,LUMINA RF COND MASC RECONS 250ML,3.5,6.8,-2.62
128758,NATURE COLONIA SUBIN NA ARVORE 100ML,2.9,4.1,-1.09
73572,EKOS EDT CASTANHA F 150ML COL,10.9,14.7,-0.95
147418,LUMINA COND MASC NUTRICAO 250ML ES,5.8,6.9,-0.48
162094,TODODIA RF DES HID LIMAO 400ML,6.2,9.8,-1.54
70389,EKOS RF SAB LIQ MAOS CASTANHA 250ML NF,4.8,7.2,-1.35
203397,EKOS RF POLPA CORPO TUKUMA 400ML,2.6,2.5,0.1
81950,NATURA HOMEM EDP POTEN MASC 100ML LTM NV,14.3,14.9,-0.1
5877,TODODIA RF SAB LIQ FRU VERME 300ML,10.1,18.1,-2.13
112771,EKOS MASC COND MURUMUR NFV 200G TERC LTM,7.6,10.5,-1.04
134575,EKOS MULTIPACK CREMOSO 4X100G,8.9,16.1,-2.22
85003,FACES MASCARA POROS STOP PORES S CT,4.2,6.3,-1.35
111176,KAIAK CLAS FEM EDT 100ML ARG,16.3,18.8,-0.42
91819,CHRONOS RF ACQUA BIOHIDRATANTE RENOVADOR,5.9,10.9,-2.31
110185,UNA BASE SERUM NUDE ME 19N SCH,2.7,3.6,-0.89
103149,FOTOEQ LOC PROTETORA FPS50 200ML LTM,2.8,3.9,-1.07
186,NATURA HOMEM CORAGIO EDP 100ML LTM,12.6,13.6,-0.22
111179,KAIAK OCEANO FEM EDT 100ML ARG,3.0,5.5,-2.28
148437,LUMINA COND CR PENTEAR CACHOS 300ML ES,5.7,9.0,-1.56
93617,ESSENCIAL EAU PARFUM EXCL MASC 100ML AVN,2.5,4.0,-1.74
110251,ESSENCIAL RF EXCLU EDP FEM 100ML LTM NV,2.8,6.0,-3.21
160263,EKOS HID MAOS MARACUJA WINNY 24 75G,27.0,41.9,-1.51
148161,LUMINA SH CACHEADOS 300ML ARG,3.8,5.4,-1.16
128589,EKOS SAB LIQUIDO CORP CAST 100ML LTM,3.5,6.2,-2.01
69822,EKOS RF POLPA CORP DES CASTAN 400ML,9.4,16.7,-2.09
92802,MMBB RF SABONETE LIQUIDO 200ML BTV,6.0,12.7,-3.08
148411,LUMINA COND CACHEADOS 300ML ARG,3.9,5.1,-0.81
162095,TODODIA DES SPRAY LIMAO 200ML,6.0,9.6,-1.61
117800,TODODIA SPRAY DES PERF ACEROLA HIB 200ML,7.0,10.8,-1.49
59313,UNA  PRIMER BLUR BF 30ML,9.2,12.7,-1.03
168016,TODODIA DES HID LIMAO 400ML LTM,4.7,7.9,-1.86
164455,EKOS SH PATAUA 100ML LTM,9.9,8.0,0.52
118463,ESSENCIAL UNICO MASC EDP 90ML LTM,3.4,5.1,-1.41
148877,KAIAK SH CLASS 75ML,6.3,13.2,-2.92
134574,EKOS SAB BAR CE MULTIPACK 4X100G COL,5.9,7.8,-0.86
73179,EKOS RF DES HID NECTAR MARAC 400ML,6.9,10.1,-1.27
86337,TODODIA RF SAB LIQ NEW AVELAC 300ML PM,9.7,20.8,-3.09
121967,TODODIA HID DES CORP NOTUR 200ML ARG,4.3,8.6,-2.71
127754,CHRONOS SERUM BOLSA OLHEIRA RPK PS 15ML,5.0,7.8,-1.5
134585,CHRONOS D RF AS 45 FPS30 DIA 40G,4.2,5.8,-1.03
80967,EKOS NECTAR MAOS MARACUJA ES 75G,19.2,30.3,-1.57
76383,TODODIA SPRAY PERF FRAMBO 200ML PM,21.6,25.5,-0.49
112776,EKOS TONICO PATAUA CAPIL ANGT 30ML,18.4,28.4,-1.46
72198,TODODIA SPRAY PERFUMADO FLIMAO 200ML PM,7.2,10.5,-1.24
1921,HUMOR EDT ME BEIJA PG 75ML COL,12.0,15.0,-0.66
69817,EKOS DES POLPA PES CAST 75G,12.6,20.4,-1.68
72197,TODODIA SPRAY PERFUMADO FRUVER 200ML PM,6.9,10.2,-1.3
159712,TODODIA DES SPRAY CAMOMILA E LAVA 200ML,8.0,12.3,-1.46
103153,FOTOEQ PROT SOL FAC GEL FPS50 50G LTM,13.0,12.9,0.02
121945,ESSENCIAL RF OUD EDP MASC NFV 100ML LTM,1.5,2.1,-1.06
5871,TODODIA RF SAB LIQ FRAMBOESA 300ML,12.2,21.5,-2.05
69653,KAIAK CLASSICO DES ROLLON ANTIMANC 75ML,18.8,31.8,-1.88
21591,TODODIA FR ROJAS HID MAOS 50ML ARG AVN,5.3,10.1,-2.46
69062,K EAU DE PARFUM MASCULINO 100ML COL,5.3,8.1,-1.48
119001,EKOS RF EDT PITANGA PT 150ML LTM,12.6,15.0,-0.53
18403,EKOS EDT ISHPINK F 150ML MEX,2.0,2.7,-0.94
177514,TU PROMO DESODORANTES URBE SOBRAS,30.2,53.8,-2.12
74848,TODODIA HID DES CORP AVELACASS 400ML,7.8,11.1,-1.13
118997,EKOS RF EDT MARACUJA 150ML LTM,15.9,17.0,-0.19
74898,TODODIA HID DES CORP NOZ PECA 400ML LTM,3.3,4.4,-0.92
2830,TODODIA ALGODAO SAB BARRA 5X90G PM NV,20.5,21.8,-0.17
160266,ESSENCIAL HID MAOS OUD 40G,3.7,7.5,-2.8
74900,TODODIA HID DES FRU V 400ML RO ARG AVN,6.4,9.1,-1.12
117797,TODODIA HID DES CORP ACEROLA 400ML LTM,6.6,10.2,-1.46
70983,EKOS POLPA HID MAOS CAST 75G,87.2,95.5,-0.26
155881,TODODIA DES HID FLOR PERA MELISSA 100ML,7.2,13.6,-2.41
162098,TODODIA SAB BARRA LIMAO 5X90G,10.1,16.0,-1.59
134610,TODODIA HIDR MAOS AMORA VERME JABUT 50ML,18.8,18.6,0.03
75955,EKOS FRESCOR ACAI EDT 150ML LTM,10.1,14.2,-1.09
111172,KAIAK URBE MASC EDT 100ML ARG,14.1,16.5,-0.46
111175,KAIAK OCEANO MASC EDT 100ML ARG,15.3,17.7,-0.41
123127,TODODIA DEO ROLL ON PREB CEREJ 70ML,32.3,35.5,-0.26
148459,LUMINA PROTETOR TERM 150ML PS,83.4,128.5,-1.47
106125,UNA RF SOMBRA STUDIO ROSE GLOW 3G,1.0,1.1,-0.21
106129,UNA SOMBRA STUDIO RF ROS BLUSH MATT,1.0,1.0,-0.05
106139,UNA SOMBRA STUDIO RF VERD JADE MATT,1.0,1.0,-0.05
106132,UNA SOMBRA STUDIO RF PRETO MATTE,1.0,1.0,-0.05
106551,FACES ESMALTE VERDE CANBERRA,1.0,1.1,-0.33
106134,UNA RF SOMBRA STUD AZUL METALICO 3G,1.0,1.0,-0.0
106130,UNA SOMBRA STUDIO RF MARROM CL MATT,1.0,1.0,-0.05
106126,UNA RF SOMBRA STUDIO OURO GLOW 3G,1.0,1.0,-0.05
109154,"FACES SOMBRA MONO LARANJA HYPE 1,5G ARG",1.0,1.0,-0.0
109152,"FACES SOMBRA MONO ROSA LIKE 1,5G",1.0,1.0,-0.0
89381,FACES BROW 2U LAPIS DUO SOBRANCELHA,1.8,2.5,-1.1
116688,FACES CHECKMATTE CORRETIVO 10N,1.4,2.1,-1.17
148176,LUMINA SH BRILHO COR 300ML ARG,2.3,2.9,-0.69
106421,NATURE COLONIA DESENHO NAS NUVENS 100ML,2.9,4.3,-1.37
15717,EKOS HID MAOS PITANGA 40G LTM,15.1,26.9,-2.13
10159,FACES LAPIS SOBRANCELHA CASTANHO,2.0,3.0,-1.28
56763,KAIAK REFIL FEM DES CORPORAL 100ML,2.2,2.5,-0.4
4960,FACES BATOM COLOR HID FPS8 VERM 120 ABM,1.1,1.5,-0.95
92804,MMBB LOCAO HID TRADICIONAL 200ML BTV,2.8,4.2,-1.4
9025,"FACES RF PO COMP MEDIO 22 6,5G",2.0,2.0,-0.05
147411,LUMINA SH NUTRICAO 300ML ARG,2.2,3.5,-1.5
15826,UNA TOP COAT 3D GEL,2.4,3.3,-1.04
15825,UNA BASE PRIMER 3D GEL,2.0,3.0,-1.36
148174,LUMINA SH SOLAR 220ML PS,4.0,5.6,-1.07
106538,FACES ESMALTE CORAL ATACAMA,1.0,1.0,-0.0
116691,FACES CHECKMATTE CORRETIVO 21N,1.0,1.0,-0.05
148410,LUMINA COND MASC BRI COR 220ML PS,2.3,3.2,-1.07
56740,KAIAK URBE DES SPRAY MASC 100ML LTM,2.6,4.2,-1.62
101036,"FACES ILUMINADOR DUO SUP QUART 2,5G",2.1,3.1,-1.38
72978,UNA APONTADOR DUPLO,1.5,4.3,-5.28
134590,CHRONOS D REF AS 70 NOITE PS 40G,1.8,2.7,-1.42
124319,UNA EST MAQ PALETTE STUDIO,1.4,2.0,-1.2
134586,CHRONOS D SAB MARSHMALLOW PS 85G,1.8,3.3,-2.23
92815,MMBB OLEO HID MASSAGEM 100ML NV,3.5,4.8,-1.02
105715,UNA PINCEL PRO ESFUMADOR,1.0,2.0,-2.56
105716,UNA PINCEL PRO PRECISAO,1.0,2.2,-3.14
70403,EKOS SAB LIQ MAOS PIT ANGAT 250ML,2.0,3.0,-1.37
97642,FACES BASE LIQUIDA MATTE 20N,1.0,1.2,-0.6
111425,FACES BATOM LIQ LON DUR RED LOVE,1.7,2.1,-0.7
140051,EKOS RF DES HID CONCEN CASTANHA IN LTM 3,1.3,2.3,-2.17
15822,UNA ESMALTE 3D GEL ORIGAMI 110,1.2,1.2,-0.0
148170,LUMINA SH RECONSTRUCAO 300ML PS,3.0,4.0,-0.95
148442,LUMINA COND RECONSTRUCAO 300ML PS,2.3,2.6,-0.43
131735,TODODIA SAB BARRA SORT MANGA ACE 5X90G,16.9,30.1,-2.13
16269,BIOME SABONETE ESFOLIANT BARRA 90G,1.3,3.3,-4.26
98767,EKOS SAB LIQ ESFOL TUKUMA 185ML,6.4,10.0,-1.55
131436,EKOS FORTALECEDOR HIDRA UNHAS CUTIC 10G,1.1,1.5,-1.02
93505,UNA BATOM CC HIDRAT FPS25 VIOLETA 6C,1.2,2.0,-1.92
122120,UNA CORRET COB EXTR 15N 8ML,2.1,3.7,-2.13
113409,EKOS SH PATAUA NFV 300ML LTM,3.0,5.3,-2.04
113245,EKOS COND PATAUA ANGT 300ML,2.2,3.0,-1.0
10156,FACES LAPIS SOBRANCELHA CAST CLARO,2.0,2.6,-0.87
9619,FACES LAPIS LABIO COLOR CONTOU ROSA,1.7,2.7,-1.47
135035,UNA BASE FACIAL TINT 21Q,1.1,1.4,-0.8
137976,CHRONOS D DEMAQ BIFASICO PS 150ML,4.9,7.3,-1.29
124833,SABONETE BAR FACIAL CREM BIOME 65G,1.0,1.1,-0.16
87264,NATURA HOMEM OLEO PARA BARBA 30 ML,2.1,3.6,-1.88
134694,CHRONOS D REF AS 80 FPS30 DIA PS 40G,1.7,2.2,-0.84
17043,UNA CANETA DELIN SOBRAN CAST,2.0,2.5,-0.61
56757,HUMOR PROPRIO DES SPRAY FEM 100ML LTM,5.1,6.6,-0.76
135037,CHRONOS D REF ESSENCIA POTENCIAL 100ML,1.3,2.2,-2.02
116405,UNA POLVO COMPACTO RG 31N LTM,1.1,1.1,0.05
108127,UNA BASE MATTE 15Q 15C BF 30ML,1.5,1.3,0.42
104897,EKOS BURITI FRESCOR EDT 75ML LTM,1.7,2.5,-1.31
135060,CHRONOS D ESPUMA LIMPEZA PS 150ML,5.2,7.0,-0.94
80060,CHRONOS SERUM CLAREADOR INTENSIVO,4.2,6.5,-1.46
125233,EKOS FRESCOR EDT TUKUMA 150ML LTM,1.0,1.4,-0.99
96516,TODODIA DES CRM AVELACASS SEM CT 80G,3.8,6.1,-1.65
147453,LUMINA COND CR PENTEAR NUTRI 250ML ES,2.8,3.8,-0.97
147407,LUMINA RF COND MASC ANTIQUEDA 250ML,2.3,3.3,-1.23
80936,EKOS DES HID POLPA CASTAN 400ML TERC LTM,14.0,16.8,-0.54
134723,CHRONOS D REF AS 70 FPS30 DIA PS 40G,2.0,3.0,-1.4
9456,FACES BLUSH CORAL 85 3G,2.1,2.3,-0.18
2273,AGUAS NATURA VALVULA 150ML TERC LTM,2.4,2.9,-0.62
72983,EKOS RF DES HIDR CORP UCUUBA 400ML,2.2,2.3,-0.1
189409,TODODIA DES ROLLON MANGA ROSA 70ML,10.6,15.0,-1.1
150220,EKOS CONJ DES HID CASTANHA CONCENT LTM,2.3,3.5,-1.5
147416,LUMINA SH HIDRATACAO 300ML PS,2.4,3.3,-0.96
70405,EKOS SAB LIQ ESFOL MARACUJA ANGT 185ML,8.7,12.5,-1.16
148435,LUMINA COND MASC SOLAR 220ML PS,2.7,5.0,-2.29
69723,CHRONOS SERUM PELE OLEOSA,2.6,4.0,-1.48
167190,FACES BATOM MULTIMIX CREM COBRE SUNSET,2.0,2.8,-1.05
147417,LUMINA COND MASC ANTIQUE 250ML TERC ES,2.4,3.7,-1.42
69050,CHRONOS PSOL FPS50 MANCH ME RP LTM 50ML,1.1,2.9,-4.29
70396,EKOS RF SAB LIQ CREM CASTANHA 195ML,3.7,5.8,-1.59
147410,LUMINA RF COND NUTRICAO 300ML,4.3,7.0,-1.66
113150,EKOS COND PRE SH MURUMURU ANGT 100G,3.9,6.7,-1.93
56744,HUMOR MEU PRIMEIRO HUMOR DES CORPORAL,3.4,4.3,-0.72
95807,AGUAS COLONIA LIRIO 150ML ARG,2.0,2.7,-0.9
148167,LUMINA ESSENC PERFUME CABELO 30ML PS,5.3,7.9,-1.34
110184,UNA BASE SERUM NUDE ME 16F SCH,1.7,2.6,-1.37
92800,MMBB SAB LIQ PSE 200ML,3.8,7.1,-2.3
147408,LUMINA RF SH ANTICASPA 300ML,8.5,13.0,-1.41
91849,CHRONOS D HID ACQUA PS 40G,4.2,7.3,-1.96
110250,ESSENCIAL RF EXCL EDP MASC NFV 100ML LTM,1.3,2.0,-1.68
23154,TODODIA AMOR VERM HID DES CORP 200ML MEX,3.5,7.8,-3.37
189408,TODODIA DES ROLLON CASSIS 70ML,19.8,35.2,-2.1
140742,UNA SERUM PARA SOBRANCELHAS 4G,3.7,6.5,-2.08
80059,CHRONOS PSOL FPS50 MANCH CM RP LTM 50ML,2.3,5.3,-3.55
112775,EKOS REFIL COND MURUMURU NFV 300ML LTM,3.8,6.9,-2.2
110281,TODODIA SAB LIQUID ALECRIM SALVIA 390G,12.5,19.6,-1.53
111177,KAIAK AVEN FEM EDT 100ML ARG,7.0,10.0,-1.19
91820,FACES CLAREADOR FACIAL PELE N S FPS15,4.7,9.1,-2.56
120615,KAIAK VITAL MASC EDT 100ML LTM,9.8,12.1,-0.65
131492,CONEXAO DE HUMOR  EDT MEX 75ML,2.9,4.9,-1.84
92786,MMBB AGUA COLONIA BTV 100ML,3.6,6.0,-1.79
117749,TODODIA SAB BARRA ACEROLA E HIBISC 5X90G,4.2,8.0,-2.42
134593,CHRONOS D AS 30 NOITE PS 40G,2.4,3.6,-1.25
82509,EKOS DES HID NECTAR MARAC 400ML TERC LTM,6.7,12.8,-2.42
146898,ESSENCIAL SAB BAR OUD MASC 110G,5.1,6.5,-0.73
112773,EKOS REFIL SH MURUMURU NFV 300ML LTM,4.4,7.6,-2.02
97429,EKOS OLEO DES TRIF PITANGA 200ML LTM,9.9,12.2,-0.64
56948,KAIAK MASC DES CORPORAL RF,5.1,7.0,-1.0
134595,CHRONOS D REF AS 30 NOITE PS 40G,2.3,3.5,-1.51
148175,LUMINA RF SH BRILHO COR 300ML,4.1,5.3,-0.81
112770,EKOS COND CPP MURUMURU ANGT 150ML,4.7,7.8,-1.82
103382,TODODIA RF HID DES MANGA ROSA 400ML,8.9,13.1,-1.27
21454,UNA ILUM MARMOLIZADO CUERP ROST,2.3,3.9,-1.83
92603,UNA GLOSS LABIAL FPS15 BOCA 100 SSG,2.2,3.2,-1.31
70722,UNA MAXXI PALETTE DE SOMBRAS NUDES,2.6,7.0,-4.56
96515,TODODIA DES CREME SEM PERFUME INVIS 80G,3.1,5.1,-1.72
148177,LUMINA RF SH RECONSTRUCAO 300ML,8.1,12.5,-1.46
108634,CHRONOS SERUM PREENCHEDOR BIOHIDRAT 30ML,4.2,6.6,-1.58
19949,EKOS SAB LIQ ESFOL TUKUMA 185ML RF TERC,5.3,8.4,-1.57
75493,EKOS OLEO BIF DES TUKUMA 200ML TERC NV,2.5,4.4,-2.0
83637,TODODIA LENCO UMED INT SUAVE CONFOR,1.6,2.8,-2.1
103151,FOTOEQ LOCAO HID POS SOL 120ML LTM,1.8,2.4,-0.86
168743,CHRONOS PSOL FPS30 ANTIOL RP 50ML LTM,2.1,3.0,-1.17
60326,CHRONOS ELIXIR REDUTOR D RUGA 15ML LATAM,4.1,6.4,-1.47
112783,EKOS RF OLEO DES HID TRIF MARA 200ML LTM,7.6,11.2,-1.28
73574,EKOS EDT FRESC MAR ANG 150ML LTM,11.0,15.1,-1.01
70397,EKOS RF SAB LIQ ESFOL PITANGA 185ML,4.0,6.1,-1.45
78902,NAT HOMEM SHAMPOO ANTI OLEOSIDADE 300ML,9.1,14.2,-1.53
72860,NATURA HOMEM DES ROLLON ANTIMAN 75ML NV,20.3,38.2,-2.39
93618,ESSENCIAL EXCL FEM EDP 100ML 2021 ARG NV,7.1,8.4,-0.52
121492,BIOME CONDICIONADOR BARRA 75G,1.1,2.7,-3.9
2834,TODODIA SAB BARRA FRUVER 5X90G PM,5.4,6.8,-0.72
106135,UNA RF SOMBRA STUD ROXO METALICO 3G,1.0,1.0,-0.0
9583,FACES LAPIS LABIO COLOR CONTO VINHO,1.7,2.6,-1.44
9586,FACES LAPIS LABIO COLOR CONTOU VERM,1.1,2.1,-2.33
106546,FACES ESMALTE ROXO NEW YORK,1.1,1.6,-1.11
106127,UNA RF SOMBRA STUDIO BRONZE GLOW 3G,1.0,1.0,-0.05
9432,FACES BLUSH COLOR VINHO 28 3G,1.2,1.6,-0.98
134576,EKOS SAB BARRA MPACK TUKUMA 4X100G,3.9,6.2,-1.58
150180,TODODIA OLEO BANHO AVELA CASSIS 24 120ML,20.2,34.7,-1.94
97700,UNA BT EXT CONFORTO FPS25 ROXO 8C PE,1.4,1.0,0.83
92573,UNA LAPIS PRO LABIAL ROUGE,1.5,2.2,-1.28
107359,FACES BATOM COLOR HID FPS8 ROSA 204 ABM,1.7,2.7,-1.53
111426,FACES BATOM LIQ LON DUR MARSA NIGHT,2.0,2.8,-1.01
15815,UNA ESMALTE 3D GEL UNA N2,1.0,1.0,-0.11
17276,UNA BT EXT CONFORTO FPS25 UNA N2 PE,1.0,1.8,-2.04
134693,CHRONOS D AS 60 FPS 30 DIA PS 40G,2.3,3.4,-1.36
116202,"FACES BATOM MULTM CREM ROSA CRUSH 3,5G",1.5,2.0,-0.85
137977,TODODIA MOUSSE BANHO AMOR VERM JABU 80ML,1.1,1.2,-0.15
92808,MMBB HID EMULSAO AUX PREV ESTRIAS 200ML,3.6,5.1,-1.14
103154,FOTOEQ PROT SOL FAC LOC FPS30 50G LTM,1.2,2.0,-1.72
67666,FACES MASCARA MEGA FANTASTICA PRETA 7ML,2.6,3.7,-1.25
56766,HUMOR MEU PRIMEIRO HUMOR DES CORPORAL RF,2.0,3.5,-1.99
27371,UNA LAPIS OLHO RETRATIL PRETO 280MG,3.0,7.0,-3.5
27703,UNA LAPIS RETR OLHOS MARROM REV NP,2.0,3.0,-1.4
70402,EKOS SAB LIQ MAOS CASTANHA ES 250ML,3.9,5.2,-0.85
148412,LUMINA COND MASC RECONS 250ML TERC PS,4.1,6.2,-1.38
107556,UNA LAPIS RET SOBRANC CAST CLARO,1.3,1.9,-1.17
107555,UNA LAPIS RET SOBRANC CASTANHO,2.7,3.6,-0.88
135047,UNA BASE FACIAL TINT 23F,1.0,1.8,-2.28
135024,UNA BASE FACIAL TINT 12F,1.0,1.6,-1.46
97701,UNA BT EXT CONFOR FPS 25 CORAL 3C PE,1.0,2.0,-2.56
95840,TODODIA SAB BARRA CEREJA 5X90G,17.6,23.1,-0.85
111466,FACES BATOM LIQ LON DUR BEGE BEAUTY,1.6,2.8,-1.89
92798,MMBB LENCOS UMEDECIDOS 50 UNID,2.1,3.2,-1.42
147446,LUMINA COND HIDRATACAO 300ML ES,2.1,2.7,-0.84
92551,UNA LAPIS PRO LABIAL NUDE,1.0,1.2,-0.65
92530,UNA BATOM CC HIDRAT FPS25 VIOLETA 4C,1.1,2.0,-2.26
54382,NAT UNA BATOM LIQ MATIF ROSE 2 M,1.7,2.6,-1.36
106294,UNA SERUM LABIAL INCOLOR 1.8G,2.2,3.1,-1.12
105714,UNA PINCEL PRO CORRETIVO,1.4,1.8,-0.65
105717,UNA PINCEL PRO SOBRANCELHAS,1.4,1.0,0.72
32542,NATURE SAB BARR MISTURE 4X90G,5.4,9.2,-1.89
92806,MMBB LOCAO HID RELAXANTE 200ML BTV,3.4,6.4,-2.44
117124,FACES DEMAQ 3 EM 1 120ML,3.0,4.8,-1.69
97428,EKOS OLEO HID DES TRIF MARACJ ANGT 200ML,8.1,9.4,-0.42
129222,EKOS HIDR POLPA MAOS ANDIROBA 75G LTM,5.5,10.7,-2.56
104902,EKOS BURITI HID DES POS SOL 400ML LATAM,3.3,5.2,-1.55
70721,"UNA LAPIS KAJAL MARROM 1,14G",2.4,3.9,-1.67
92536,UNA BATOM CC HIDRAT FPS25 NUDE 2C,1.1,2.0,-2.23
93506,UNA BATOM CC HIDRAT FPS25 ROSE 2C,1.1,2.0,-2.17
70390,EKOS RF SAB LIQ MAOS PITANGA 250ML,3.6,5.7,-1.53
104880,UNA REF BASE HD 27N,1.0,2.0,-2.61
116200,"FACES BATOM MULTM CREM BEGE FRESH 3,5G",1.3,2.0,-1.5
73573,EKOS EDT PITANGA F 150ML ARG,4.8,7.0,-1.28
148450,LUMINA LEAVE IN MATIZA 150ML PS,2.0,4.0,-2.63
110190,UNA BASE SERUM NUDE ME 25Q 25C SCH,1.7,2.6,-1.42
127775,UNA BASE POWDER 15Q,1.3,2.5,-2.46
17352,UNA BT EXT CONFORTO FPS25 ROSA 2C PE,1.0,2.0,-2.55
70720,"UNA LAPIS KAJAL PRETO 1,14G",1.6,2.4,-1.5
116583,LUNA CLASSICO 75ML EDT LTM,2.5,4.0,-1.64
64749,HUMOR EDT PG PROPRIO JUST 75ML ARG,13.0,16.3,-0.68
107776,UNA CJ REG BASE FLUIDA HD 20N,1.0,2.8,-4.83
111173,KAIAK AVEN MASC EDT 100ML ARG,4.6,7.1,-1.54
118797,UNA PRIMER FACIAL FPS 40,2.9,4.1,-1.18
147440,LUMINA COND NUTRICAO 300ML ARG,2.7,3.0,-0.28
112091,EKOS OLEO DES TRIF BURITI ES 200ML,2.1,3.3,-1.54
90927,LUNA INTENSO EDP FEM 50 ML ARG,2.4,3.8,-1.64
92566,UNA GLOSS LABIAL FPS15 ROSA 101,2.5,4.1,-1.72
93619,ESSENCIAL OUD MASC EDP 100ML 2021 ARG,6.1,7.5,-0.66
91204,TODODIA DES SPRAY PERF MANGAROSA 200ML,16.9,22.7,-0.92
120616,KAIAK PERF VITAL FEM EDT 100ML LTM,4.3,6.7,-1.51
122948,HUMOR EDT HUMOR TRANSFORMA PG 75ML COL,2.9,4.7,-1.69
24865,UNA ILUMN MARMO RF CORP ROST BLSTR,2.2,3.4,-1.47
109002,UNA PINCEL PRO BASE CREMOSA,1.4,3.0,-3.27
59848,NATURA HOMEM EDP ESSENCE MASC 100ML LTM,4.0,6.3,-1.56
119778,BIOGRAFIA INSPIRE FEM EDT 100ML COL,5.6,9.6,-1.97
102396,NATURE RF SH CABELOS LISOS RDC15,5.5,8.7,-1.62
106535,FACES ESMALTE PINK RIO,1.0,1.0,-0.0
81940,FACES GLOSS MORANGO WILD,1.5,2.0,-0.88
86642,FACES MASCARA VOLUME FEVER,2.1,3.5,-1.83
111424,FACES BATOM LIQ LON DUR CHOC MOUSSE,1.6,2.1,-0.87
97639,FACES BASE LIQUIDA MATTE 16F,1.1,2.0,-2.22
15352,UNA ESMALTE 3D GEL CONTRAPONTO 630,2.0,2.8,-1.06
17275,UNA BT EXT CONFORT FPS25 LARAN 8C PE,1.0,1.7,-1.95
116195,"FACES BATOM MULTM CREM ROSA KISS ME 3,5G",1.5,2.0,-1.04
111398,FACES BATOM LIQ L DUR CEREJA LIKES,2.0,2.0,-0.0
9833,FACES MULTI MASCARA TINT PROV DAGUA,2.8,5.6,-2.75
135042,UNA BASE FACIAL TINT 25Q,1.1,1.1,-0.15
106122,UNA MASCAR CILIOS ALON INFIN PROVAG,2.1,3.3,-1.55
107126,UNA CORRETIVO CUSHION NUDE ME 21N,2.6,2.6,-0.04
54378,UNA BATOM MATTE INTRANSF ROUGE 6M,3.0,4.9,-1.67
107123,UNA CORRETIVO CUSHION NUDE ME 10N,2.4,2.1,0.32
148476,UNA BATOM ULTRA CARE 24H VERMELHO 4C 7ML,1.1,1.3,-0.48
54395,UNA BATOM MATTE INTRANSF ROUGE 4M,2.0,3.1,-1.44
148433,LUMINA COND BRILHO COR 300ML ARG,2.3,3.4,-1.3
171365,CHRONOS D SABONETE EM OLEO 125ML,3.2,4.3,-0.92
134587,CHRONOS D REF AS 60 NOITE PS 40G,2.3,5.3,-3.64
15821,UNA ESMALTE 3D GEL MOSAICO 665,1.0,1.1,-0.21
107777,UNA CJ REG BASE FLUIDA HD 27N,1.0,2.5,-4.18
118910,FACES ROSTO SERUM GEL BOOSTER 50ML,2.1,3.0,-1.2
106295,UNA SERUM LABIAL ROSA 1.8G,2.7,4.0,-1.29
134189,CHRONOS PROT SOLAR FPS50 50ML GAIA PS,2.3,4.7,-2.83
110195,UNA BASE SERUM NUDE ME 32Q 32C SCH,1.4,2.9,-3.07
137957,FACES DELINEADOR RETRATIL BRANCO,1.0,2.0,-2.61
92790,MMBB SHAMPOO 200ML V2 BTV,5.5,7.2,-0.82
108129,UNA BASE MATTE 19N BF 30ML,1.1,1.3,-0.33
108131,UNA BASE MATTE 21Q 21C BF 30ML,1.0,1.2,-0.54
107771,UNA CJ REG BASE FLUIDA HD 12F,1.8,2.4,-0.95
108636,CHRONOS SERUM INTE LIFTING E FIRMEZA 30M,3.3,5.2,-1.63
133868,EKOS RYOS EDT FESTA 75ML ARG,1.6,1.8,-0.37
121281,EKOS FRESCOR EDT CAPITIU 75ML LTM,2.8,4.6,-1.73
121944,ESSENCIAL RF OUD EDP FEM NFV 100ML LTM,3.3,5.7,-1.99
150687,EKOS SAB BAR MARACUJA 100G,13.7,18.3,-0.91
121969,TODODIA SAB BARRA CAMOMILA LAVANDA 5X90G,1.1,1.1,-0.15
107011,LUNA ATITUDE EDP 50ML LTM,3.9,5.5,-1.08
2726,UNA ART EDP 50ML RELANCAMENTO COL,2.3,3.1,-0.86
67661,FACES NEW MINI LAPIS PRETO NF ARG,1.4,2.1,-1.46
106136,UNA SOMBRA STUDIO RF MOSTARDA MATTE,1.0,1.0,-0.0
9981,FACES LAPIS KAJAL INTENSO PRETO,2.1,2.6,-0.74
97646,FACES BASE LIQUIDA MATTE 23F,1.2,2.1,-2.25
15479,UNA ESMALTE 3D GEL PALETTE 730,1.0,1.1,-0.32
109477,UNA ESMALTE 3D GEL PORCELANA 910,1.3,1.0,0.62
137959,FACES DELINEADOR RETRATIL CINZA,1.0,1.2,-0.54
9832,FACES SUPER MASCARA TINT,3.2,5.8,-2.2
139237,ESSENCIAL ATO EDP MASC 100ML LTM,1.5,2.4,-1.55
92520,UNA BATOM CC HIDRAT FPS25 ROSE 4C,1.1,2.1,-2.42
70408,EKOS SAB LIQ CREM CASTANHA ANGT 195ML,2.7,3.9,-1.16
104876,UNA REF BASE HD 16F,1.1,2.0,-2.32
104874,UNA REF BASE HD 12F,1.2,2.0,-2.06
97640,FACES BASE LIQUIDA MATTE 19N,1.2,2.1,-2.11
107124,UNA CORRETIVO CUSHION NUDE ME 15N,2.4,2.3,0.11
92550,UNA GLOSS LABIAL FPS15 CORAL 100 SSG,1.1,2.0,-2.26
159711,TODODIA SAB LIQ CAMOMILA E LAVANDA 300ML,3.9,6.3,-1.64
92788,MMBB COL RELAXANTE PSE 100ML,5.0,8.8,-2.02
104885,UNA REF BASE HD 31N,1.1,2.1,-2.61
135027,CHRONOS D AS 70 NOITE PS 40G,1.1,1.9,-2.02
54406,NAT UNA BATOM LIQ MATIF NUDE 6 M,2.0,2.2,-0.27
121968,TODODIA PERF SOLIDO CAMOM LAV 800MG,5.7,7.4,-0.83
16266,BIOME SHAMPOO BARRA 90G,1.5,3.1,-2.75
103148,FOTOEQ LOC PROTETORA FPS30 200ML LTM,1.1,1.7,-1.69
104872,UNA REF BASE HD 15Q 15C,1.0,2.1,-2.88
107774,UNA CJ REG BASE FLUIDA HD 23F,1.0,2.6,-4.4
109481,UNA SERUM DE UNHAS E CUTICULAS,2.6,4.7,-2.12
20834,HUMOR EDT LIBERTA PG JUST 75ML ARG,5.1,7.8,-1.45
64748,HUMOR A DOIS EDT MASC 75ML LTM,2.1,4.0,-2.41
42064,KRISKA CLASSICO FEM EDT 100ML LTM,1.7,2.8,-1.86
109164,NATURA HOMEM TATO EDP 100ML COL,2.6,5.0,-2.51
159710,TODODIA RF SAB LIQ CAMOMILA E LAVA 300ML,7.0,12.9,-2.26
110188,UNA BASE SERUM NUDE ME 23F SCH,2.7,3.1,-0.34
132682,EKOS POLPA MAOS MARACUJA 75G LTM,15.2,17.8,-0.46
83324,KRISKA DRAMA EDT 100ML COL,3.2,5.9,-2.26
102398,NATURE RF COND CAB LIOS E ONDULADO 250ML,4.6,6.1,-0.87
97636,FACES BASE LIQUIDA MATTE 10N,1.1,2.0,-2.12
4729,FACES CJ PO COMPACTO MEDIO 22,1.2,1.4,-0.41
92526,UNA BATOM CC HIDRAT FPS25 NUDE 10C,1.5,1.8,-0.67
122114,UNA CORRET COB EXTR 24N 8ML,1.8,2.9,-1.63
110679,UNA RF PO COMP NUDE ME 19N 10G,1.0,1.4,-1.03
8882,FACES CJ PO COMP MATTE MEDIO 22,2.3,2.6,-0.36
134594,CHRONOS D REF AS 80 NOITE PS 40G,1.5,2.8,-2.38
134695,CHRONOS D AS 80 FPS30 DIA PS 40G,1.2,2.3,-2.71
102401,NATURE SH CAB LISO E ONDULADO 250ML,5.4,8.7,-1.67
108125,UNA BASE MATTE 10N BF 30ML,1.0,1.2,-0.54
110181,UNA BASE SERUM NUDE ME 10N SCH,2.3,2.4,-0.05
135036,CHRONOS D AS 60 NOITE PS 40G,2.3,2.3,0.05
106547,FACES ESMALTE AZUL LA PAZ,1.0,1.0,-0.05
116203,"FACES BATOM MULTM CRE PINK PARADISE 3,5G",1.1,2.0,-2.36
116198,"FACES BATOM MULTM CREM CEREJA DRAMA 3,5G",1.6,2.1,-0.88
124397,EKOS SAB BARRA MONOPACK BURITI 4X100G,1.0,2.5,-3.71
110678,UNA RF PO COMP NUDE ME 12N 10G,1.1,1.2,-0.2
122117,UNA CORRET COB EXTR 19N 8ML,1.9,2.2,-0.42
111427,FACES BATOM LIQ LON DUR LARAN SUMME,1.0,1.1,-0.33
123024,FACES BATOM LIP TINT PINK PLAY,4.1,7.2,-2.07
135028,UNA BASE FACIAL TINT 32Q,1.1,1.1,-0.05
4739,FACES CJ PO COMPACTO CASTANHO 20,1.2,2.0,-1.81
120447,"FACES MASCARA ICONIC BROWN 3,3ML",2.8,5.0,-2.21
140920,EKOS EDT FRESCOR AMAZO 75ML LTM,1.6,2.4,-1.32
74897,TODODIA DES HID FRAMB PIM 400ML MEX,18.6,18.3,0.04
107125,UNA CORRETIVO CUSHION NUDE ME 19N,1.0,3.3,-6.19
148475,UNA BATOM ULTRA CARE 24H ROSE 2C 7ML 7ML,1.2,1.4,-0.51
105713,UNA PINCEL PRO ILUMINADOR,1.2,2.0,-2.06
96015,JABON EN BARRA NATURE FIESTA DEL MAR 3X90G,5.6,5.1,0.24
140919,EKOS DES HID AMAZO 250ML LTM,7.0,10.8,-1.45
150176,UNA ESMALTE 3D GEL VERSOS 510 8ML,1.5,2.2,-1.21
116403,UNA POLVO COMPACTO RG 21N LTM,1.0,1.5,-1.25
75241,UNA CJ BLUSH REALCE ME REG BRONZ PEROL,1.6,3.1,-2.48
55105,UNA PINCEL PRO PO,2.0,2.0,-0.0
110186,UNA BASE SERUM NUDE ME 20N SCH,1.6,3.0,-2.47
74849,TODODIA RF HID DES CORP AVEL CA 400ML NV,13.6,17.1,-0.7
70406,EKOS SAB LIQ GEL ANDIROBA ANGT 195ML,3.5,5.2,-1.33
131491,HUMOR EDT FESTIV DE HUMOR PG 75ML ARG,12.6,14.8,-0.48
134432,EKOS SAB BARRA AMAZO 2X90G,3.7,7.3,-2.58
128504,UNA BATOM EXTREMO CONF CORAL 3C,3.0,4.5,-1.45
70394,EKOS RF SAB LIQ GEL PITANGA 195ML,3.0,4.6,-1.38
121947,ESSENCIAL RF EX FL EDP FEM NFV 100ML LTM,2.3,3.3,-1.09
59364,CHRONOS DUO EXFOLIANTE LIMP,17.5,20.2,-0.42
102403,NATURE RF COND CACHINHOS,5.4,8.1,-1.36
83305,TODODIA FRAM PIM HIDRA MAOS 50ML MAES20,24.6,22.9,0.19
69058,CHRONOS RF DEMAQ MICELAR PSE 150ML,2.3,5.7,-3.87
134697,CHRONOS D AS 70 FPS30 DIA PS 40G,2.0,2.2,-0.3
74778,NATURE COLONIA ALEGRIA NO PARQUE 100ML,4.1,9.8,-3.81
74779,NATURE COLONIA BANHO DE CHUVA 100ML,4.6,8.0,-1.99
128502,UNA GLOSS LABIAL FPS15 ROSE RADIANCE,6.7,12.2,-2.25
116468,HUMOR ESTELAR EDT 75ML LTM,2.3,3.5,-1.39
111178,KAIAK AERO FEM EDT 100ML ARG,3.3,5.9,-2.1
93641,ESSENCIAL OUD FEM EDP 100ML LTM NV,4.4,6.2,-1.07
123021,"FACES BATOM MULTM CREM ROSA ICON 3,5G",1.3,2.0,-1.44
116199,"FACES BATOM MULTM CREM VINHO ROCKS 3,5G",1.0,1.9,-2.39
97637,FACES BASE LIQUIDA MATTE 12F,1.8,2.4,-0.97
74852,TODODIA SAB BARR AVEL CASSIS LILAS 5X90G,4.7,6.6,-1.09
150175,UNA ESMALTE 3D GEL BOSSA 330 8ML,1.2,1.4,-0.54
123735,EKOS BALSAM DES HID TUKUMA 200G TERC LTM,2.3,4.4,-2.43
108136,UNA BASE MATTE 27N,1.0,1.1,-0.22
106540,FACES ESMALTE CORAL NUDE CAIENA,1.7,1.6,0.03
116696,FACES CHECKMATTE CORRETIVO 35N,1.0,1.0,-0.0
116692,FACES CHECKMATTE CORRETIVO 24N,1.0,1.0,-0.0
168821,TODODIA DES ROLLON FRAMB PIMEN VERM 70ML,43.5,60.6,-1.07
111397,FACES BATOM LIQ LON DUR PINK WOW,1.0,2.0,-2.61
107129,UNA CORRETIVO CUSHION NUDE ME 30N,1.3,1.3,-0.08
107128,UNA CORRETIVO CUSHION NUDE ME 27N,1.0,2.2,-3.13
116694,FACES CHECKMATTE CORRETIVO 30N,1.0,1.0,-0.0
109149,"FACES SOMBRA MONO BRIGHT GLAM 1,5G",1.0,1.0,-0.05
55104,UNA PINCEL PRO BASE LIQUIDA,1.1,2.1,-2.56
116690,FACES CHECKMATTE CORRETIVO 19N,1.0,2.0,-2.61
103380,TODODIA HID DES CORP MANGA  400ML LTM,6.2,12.2,-2.62
148470,UNA BATOM LTRA CARE 24H VERMELHO 2C 7ML,1.1,1.3,-0.53
148471,UNA BATOM ULTRA CARE 24H NUDE 1C 7ML 7ML,1.2,1.9,-1.66
97638,FACES BASE LIQUIDA MATTE 15C 15Q,1.4,1.9,-0.94
116402,UNA POLVO COMPACTO RG 19N LTM,1.1,2.3,-3.12
55100,UNA PINCEL PRO BLUSH,2.0,2.5,-0.62
133869,EKOS RYOS EDT CHUVA 75ML ARG,2.2,2.1,0.13
140431,EKOS HID BRUMA ACAI 100ML,5.6,8.0,-1.17
10045,FACES LAPIS KAJAL INTENSO MARROM,1.1,2.0,-2.41
89502,FACES SOMBRA TRIO PRETTY PINK 3G,1.2,2.0,-1.84
9149,"FACES RF PO COMP MATTE CAST 20 6,5G",1.0,1.1,-0.27
110511,EKOS MAOS ACAI ES 40G,2.7,3.2,-0.5
56754,KAIAK FEM DES CORPORAL 100ML ARG,4.0,5.5,-0.98
107361,FACES BT COLOR HID FPS8 CASTANHO 406 ABM,2.2,2.1,0.12
15823,UNA ESMALTE 3D GEL COLLAGE 100,1.1,1.1,-0.0
134725,CHRONOS D AS 45 FPS30 DIA PS 40G,2.1,3.2,-1.37
129610,KAIAK O2 MASC EDT 100 ML LTM,2.3,3.0,-0.83
125239,EKOS DES HIDRA TUKUMA 200ML LTM,1.4,2.6,-2.19
109150,"FACES SOMBRA MONO WILD BLACK 1,5G",1.0,1.1,-0.27
97644,FACES BASE LIQUIDA MATTE 21C 21Q,1.0,1.6,-1.54
104881,UNA REF BASE HD 25Q 25C,1.1,2.0,-2.41
117798,TODODIA RF HID DES ACEROLA HIBISCO 400ML,2.8,4.6,-1.74
110189,UNA BASE SERUM NUDE ME 24F SCH,2.5,2.1,0.35
137955,FACES DELINEADOR RETRATIL ROXO,2.0,2.7,-0.95
116193,"FACES BATOM MULTM CREM UNDER RED 3,5G",1.0,2.0,-2.61
54355,UNA BATOM MATTE INTRANSF VIOLETA 6M,2.0,2.7,-1.04
101035,"FACES ILUMINADOR DUO SUP DIAMT 2,5G",2.1,2.2,-0.16
145706,EKOS SAB BAR MARAC NAT SONHOS 100G LTM,1.0,1.0,-0.0
102871,FACES BASE LIQUIDA MATTE 35C 35Q,2.5,3.4,-0.9
110183,UNA BASE SERUM NUDE ME 15Q 15C SCH,1.7,2.6,-1.37
148472,UNA BATOM ULTRA CARE 24H ROSA 2C 7ML 7ML,1.3,1.9,-1.42
134672,TODODIA UVA ROSA ROM 24 SAB BARRA 90G FP,3.8,10.3,-4.71
4953,FACES BATOM COLOR HID FPS8 ROXO 603 ABM,1.0,1.1,-0.27
111428,FACES BATOM LIQ LON DUR ROXO DIGITA,1.0,1.9,-2.39
135025,UNA BASE FACIAL TINT 29N,1.1,1.1,-0.15
132965,TODODIA PERF AROM AMB NOT N CT 200ML LTM,9.9,12.8,-0.79
107769,UNA CJ REG BASE FLUIDA HD 15Q 15C,1.3,2.5,-2.27
189391,KAIAK DES ROLLON CLASSICO FEM 75ML,5.9,8.9,-1.38
117687,TODODIA ESF GEL ACEROLA HIBISCO 190G,6.0,8.2,-0.96
123007,KAIAK CLAS DES HIDRA CORP FEM 390ML,8.2,15.1,-2.28
97648,FACES BASE LIQUIDA MATTE 25C 25Q,1.1,2.0,-2.36
107360,FACES BATOM COLOR HID FPS8 PINK 208 ABM,1.5,2.7,-2.38
135026,UNA BASE FACIAL TINT 31N,1.1,1.1,-0.05
92525,UNA BATOM CC HIDRAT FPS25 TERRACOTA 8C,1.1,2.0,-2.36
70407,EKOS SAB LIQ GEL PITANGA 195ML,1.1,1.8,-1.89
108138,UNA BASE MATTE 29N BF 30ML,1.2,1.0,0.41
167177,ESSENCIAL DES HID OUD FEM 100ML,2.0,3.7,-2.21
111025,NATURA HOMEM DES HID CLAS 125ML,2.7,5.3,-2.59
105718,UNA ESPONJA MAQUIAGEM,1.1,2.1,-2.71
111174,KAIAK AERO MASC EDT 100ML ARG,18.8,22.3,-0.51
189410,TODODIA DES ROLLON HIBISCO 70ML,14.6,25.6,-2.05
140385,TODODIA PERF FRAMB PIMEN VERM 200ML ARG,18.1,23.8,-0.85
148876,KAIAK SH URBE DETOX 75ML,3.9,9.6,-4.02
110458,NATURA HOMEM POS BARBA TATO 75ML,3.7,5.3,-1.13
6319,FACES BATOM COLOR HID FPS8 VINHO 540 ABM,1.1,1.4,-0.74
122118,UNA CORRET COB EXTR 37N 8ML,1.2,1.0,0.49
107364,FACES BATOM COLOR HID FPS8 ROSA 280 ABM,1.0,1.1,-0.16
137960,FACES DELINEADOR RETRATIL VERDE,1.0,1.1,-0.22
101037,"FACES ILUMINADOR DUO SUP DOR R 2,5G",2.1,2.2,-0.13
6585,FACES BATOM COLOR HID FPS8 PINK 315,1.1,1.2,-0.25
148473,UNA BATOM ULTRA CARE 24H VINHO8C 7ML,1.3,2.3,-2.06
92529,UNA BATOM CC HIDRAT FPS25 ROUGE 8C,1.1,2.0,-2.13
104877,UNA REF BASE HD 23F,1.3,2.1,-1.77
104875,UNA REF BASE HD 19N,1.1,2.1,-2.37
155876,"UNA BATOM HID TAY VERM 2 EXTR CON 3,8G",1.2,2.1,-2.04
58406,UNA PINCEL PRO DUO FIBRAS,1.1,2.0,-2.3
161516,EKOS HID MAOS PITANGA 250ML,39.6,52.6,-0.89
122112,UNA CORRET COB EXTR 27N 8ML,1.2,1.7,-1.18
110191,UNA BASE SERUM NUDE ME 27N,1.4,2.7,-2.71
135032,CHRONOS D AS 45 NOITE PS 40G,2.1,2.2,-0.18
120617,KAIAK ULTRA FEMI EDT 100ML LTM,3.8,6.2,-1.68
127760,UNA BASE POWDER 25Q,1.0,1.6,-1.36
169531,HUMOR EDT PRIMEIRO E PROPRIO 2X25ML LTM,1.5,1.8,-0.42
74789,BIOGRAFIA EDT CLASSICO MASC 100ML LTM,10.3,15.5,-1.37
72180,TODODIA HID DES PES NOZPECA 50ML,6.6,16.8,-4.24
159908,EKOS DES HID CAST WINNY 24 400ML,3.5,7.1,-2.82
128423,FACES MASCARA FACIAL HIDRA ILUMINADORA,1.0,1.0,-0.0
75703,CHRONOS FLUIDO MULTIPRO FPS50 50ML GBL,8.7,15.6,-2.15
155879,"UNA BATOM HID TAYLOR UN 2 EXTR CON 3,8G",1.0,1.3,-0.63
168819,CHRONOS D RF SERUM FIRMEZA PS 30ML,2.3,3.0,-0.89
110187,UNA BASE SERUM NUDE ME 21Q 21C SCH,2.4,2.4,0.09
118459,ESSENCIAL UNICO FEM EDP 90ML LTM,2.6,4.2,-1.72
20709,TODODIA HID LABIAL CEREJA E AVELA 10ML,6.5,11.0,-1.91
134592,CHRONOS D AS 30 FPS30 DIA PS 40G,2.2,3.8,-2.11
148444,LUMINA RF COND MASC BRI COR 220ML,2.5,3.9,-1.51
189415,TODODIA DES ROLLON CAPIMHORTELA 70ML,18.3,31.0,-1.87
156235,TODODIA SPRAY COND HIDRATANTE 200ML,15.6,32.0,-2.85
135039,CHRONOS D AS 80 NOITE PS 40G,1.0,2.0,-2.51
89503,FACES SOMBRA TRIO ORANGE CHAOS 3G,1.8,2.9,-1.65
116693,FACES CHECKMATTE CORRETIVO 27N,1.0,1.0,-0.0
148469,UNA BATOM ULTRA CARE 24H VIOLETA 10C 7ML,1.1,1.3,-0.55
116401,UNA POLVO COMPACTO RG 12N LTM,1.1,1.4,-0.77
108128,UNA BASE MATTE 16F BF 30ML,1.1,1.0,0.19
109462,TODODIA DES HID CORP MACAD 400ML ARG AVN,2.0,3.6,-2.05
72221,TODODIA ALGODAO SPRAY PERF 200ML,23.0,26.4,-0.4
146425,EKOS OLEO DES TRIF ACAI 100ML LTM,3.0,5.5,-2.3
69366,HUMOR A DOIS DEO SPRAY 100ML NAM19 LATAM,2.0,2.7,-0.91
73687,HUMOR QUIMICA DE HUMOR FEM EDT LTM,8.6,10.1,-0.49
107780,UNA CJ REG BASE FLUIDA HD 29N,1.0,1.6,-1.68
150186,LUNA SAB LIQ ABSOLUTA 100ML,3.1,3.4,-0.32
116684,AGUAS SAB LIQ LIRIOS 150ML,3.6,6.3,-2.1
173412,TODODIA SAB BAR FRAM PIM VERM 2X90G LTM,5.8,8.9,-1.44
148490,TODODIA DES HID CORP ROMA F AMORA 100ML,8.7,18.0,-2.94
97267,EKOS DES HID ACAI ES 400ML,10.8,14.7,-0.98
109151,"FACES SOMBRA MONO AZUL JOY 1,5G ARG",1.0,1.0,0.05
128752,FACES DEMAQUILANTE BALSAMO,4.9,7.5,-1.49
102868,FACES BASE LIQUIDA MATTE 32C 32Q,1.0,1.0,-0.0
138473,FACES SOMBRA MONO REAL BRONZE,1.0,1.9,-2.35
102873,FACES BASE LIQUIDA MATTE 40C 40Q,1.6,2.7,-2.05
104873,UNA REF BASE HD 10N,1.1,2.0,-2.41
108135,UNA BASE MATTE 25Q 25C BF 30ML,1.0,1.2,-0.65
116404,UNA POLVO COMPACTO RG 27N LTM,1.0,1.1,-0.16
107778,UNA CJ REG BASE FLUIDA HD 25C 25Q,1.0,1.3,-0.75
107773,UNA CJ REG BASE FLUIDA HD 19N,1.3,2.4,-2.23
152298,TODODIA DES HID FLOR GENG E TANGE 200ML,2.1,2.9,-0.98
133342,HUMOR EDT DA MINHA VIDA 25ML AVN,2.3,4.9,-3.07
163222,FACES ESMALTES GLITTER DOURADO,1.7,2.0,-0.38
116689,FACES CHECKMATTE CORRETIVO 15N,1.0,1.5,-1.41
169170,ESSENCIAL EDP SUPREME MASC 100ML LTM,2.7,4.4,-1.68
169168,ESSENCIAL EDP SUPREME FEM 100ML LTM,2.5,3.1,-0.58
152302,TODODIA SAB BAR FLOR GENG E TANGE 5X90G,10.8,15.7,-1.23
110201,UNA BASE SERUM NUDE ME 43N SCH,1.4,1.2,0.39
152297,TODODIA SAB LIQ FLOR GENG E TANGE 300ML,4.1,6.8,-1.77
156229,KAIAK  SONAR EDT FEM 100ML LTM,2.2,4.0,-2.27
70410,EKOS SAB LIQ GEL MARAC 195ML,3.7,5.2,-1.09
152286,TODODIA DES SPRAY FLO GENG E TANGE 200ML,7.7,11.8,-1.45
156226,KAIAK  SONAR EDT MASC 100ML LTM,3.6,6.1,-1.92
69365,URBANO NOITE DEO SPRAY NAM19 LATAM,2.0,2.7,-0.91
163224,FACES ESMALTES GLITTER AZUL,1.0,1.0,-0.0
152290,TODODIA RF DES HID FLOR GENG TANGE 400ML,17.7,20.0,-0.36
152283,TODODIA RF SAB LIQ FLOR GENG TANGE 300ML,6.4,10.5,-1.73
152301,TODODIA SAB BAR ESFO GENG E TANGE 2X90G,13.3,19.1,-1.19
23151,TODODIA FRAMBOESA HID DES CORP 200ML RAM,13.6,20.4,-1.37
29679,HUMOR BEIJO EDT 25ML LTM,1.4,3.8,-4.52
137956,FACES SOMBRA MONO MENTA TROUBLE,1.0,1.0,-0.0
93504,UNA BATOM CC HIDRAT FPS25 ROUGE 2C,1.0,1.1,-0.16
172417,FACES BATOM LIQ GLOSSY ROSA BANG BAIANA,1.4,2.1,-1.43
10155,FACES DELINEADOR LIQ PREC PRET 1205,3.0,5.1,-1.86
170739,FACES GEL GLITTER LILAS 80G,2.5,3.1,-0.7
107775,UNA CJ REG BASE FLUIDA HD 21C 21Q,1.0,2.4,-3.45
172413,FACES BATOM LIQ GLOSSY ROSE GLAM BAIANA,2.1,2.9,-1.16
152289,TODODIA HID FAC SPR PREB FLO GEN 100ML,3.0,6.0,-2.61
69825,EKOS ESFOL CORP CASTANHA ANGT 200G,4.5,8.1,-2.17
190850,TODODIA DES ROLLON AXL ACLARAR 70ML,15.5,24.1,-1.51
118449,"FACES DEL LIQ CINTILANTE ON 2,5ML",2.0,2.1,-0.11
127766,UNA BASE POWDER 21Q,1.4,2.5,-2.36
134778,UNA BASE FACIAL TINT 15Q,1.0,1.6,-1.74
118448,"FACES DEL LIQ AZUL PLAY 2,5ML",1.4,2.0,-1.13
116697,FACES CHECKMATTE CORRETIVO 37N,1.0,1.2,-0.49
107127,UNA CORRETIVO CUSHION NUDE ME 24N,1.1,2.1,-2.46
152299,TODODIA DES HID FLR GENG TANGE 400ML LTM,4.1,6.3,-1.49
23218,TODODIA DES HID CEREJA E AVELA 200ML,9.8,15.0,-1.44
172416,FACES BATOM LIQ GLOSSY VERM LOVE BAIANA,1.0,1.8,-2.06
122115,UNA CORRET COB EXTR 32N 8ML,1.0,1.0,-0.0
152052,ESSENCIAL DES HID SUPREME 100ML,2.8,4.5,-1.71
102865,FACES BASE LIQUIDA MATTE 29N,1.0,1.2,-0.65
174338,EKOS OLEO HID DES TRIF CASTNH ANGT 200ML,3.4,7.5,-3.34
108632,EKOS DES HID POLPA ACAI 200ML LTM,7.7,9.2,-0.5
168985,SEVE DES HID AMENDA E ORQ NEGR 100ML,3.1,6.0,-2.57
170727,KAIAK SH K NOITE 125ML,1.5,3.4,-3.39
6473,TODODIA HID DES ILUM AMOR VER 200ML,11.0,14.3,-0.82
89501,FACES TRIO SOMBRAS BLUE FOR YOU,1.0,1.0,-0.0
107759,UNA CJ REG BASE FLUIDA HD 32C 32Q,1.1,1.9,-2.06
107762,UNA CJ REG BASE FLUIDA HD 35C 35Q,1.0,1.3,-0.87
107758,UNA CJ REG BASE FLUIDA HD 31N,1.5,2.3,-1.54
69359,NATURA HOMEM POTENCE CRE BARB 75G LATAM,13.7,18.4,-0.94
140683,SEVE OLEO DES HID AMEN ORQ NEGR 200ML,29.4,33.7,-0.39
127761,UNA BASE POWDER 23F,1.0,2.6,-4.2
69820,EKOS DES HID MANTEIGA NUTRITIV 200G,3.9,6.8,-2.07
151020,HOMEM DES HID CORPORAL 300ML,8.8,12.7,-1.18
113404,TODODIA SAB LIQUID CREMOSO MACADAM 300ML,3.6,5.9,-1.76
124226,HUMOR LIBERTA DEO CORPORAL ARG 100ML,3.5,6.4,-2.31
170152,HUMOR TRANSFORMA DES CRP 100ML,3.5,4.7,-0.98
130023,KRISKA SHOCK SABONETE LIQUI ILUMIN 125ML,25.8,30.6,-0.51
74788,BIOGRAFIA EDT CLASSICO FEM 100ML LTM NV,18.4,21.3,-0.42
140917,EKOS SAB LIQ MARACUJA 195ML LTM,2.8,5.0,-2.17
100535,TODODIA SAB BARRA AMEIXA BAUNILHA 5X90G,15.0,21.0,-1.09
138464,UNA CANETA DELIN VERMELHO PAIX 1ML,1.3,1.1,0.43
162004,HUMOR CREME DES TATUAGEM 125ML,4.7,8.3,-2.08
113407,TODODIA RF SAB LIQUID CREM MACADAM 300ML,5.7,9.0,-1.61
189412,ERVA DOCE DES ROLLON CLASSICO 70ML,73.7,90.4,-0.62
122121,UNA CORRET COB EXTR 30N 8ML,1.4,1.1,0.56
151021,NATURA HOMEM CRM BARBA MULTIFUNCION 75ML,4.0,5.8,-1.23
110650,EKOS OLEO DES HID TRIFAS ACAI ANGT 200ML,7.8,10.2,-0.83
140422,EKOS HID MAOS CASTANHA 40G,18.4,30.0,-1.71
135034,UNA BASE FACIAL TINT 35Q,1.2,1.1,0.28
107770,UNA CJ REG BASE FLUIDA HD 10N,1.7,2.4,-1.14
116406,UNA POLVO COMPACTO RG 40N LTM,1.2,2.4,-2.9
110256,EKOS FRES EDT PITANGA PRETA 75ML LTM,12.6,14.7,-0.45
184118,LUMINA CJ NUTRICION REPAR MONT MAD 2025,5.8,5.7,0.07
134075,ERVA DOCE CJ 3 DEO ROLL ON CH,61.5,63.2,-0.07
163706,EKOS DES HID CRP ANDIROBA NV 400ML LTM,8.8,13.4,-1.41
129195,EKOS NECTAR HID DES CORP CAST 100ML LTM,3.6,7.1,-2.61
121935,TODODIA DES HID ROM E FL AMO MA 50ML ARG,13.1,17.0,-0.81
140459,EKOS SAB BARRA SORTIDOS 4X100G,4.4,9.8,-3.39
18256,TODODIA HID DES CORPO ALGODAO 400ML LTM,9.0,13.0,-1.19
130040,TODODIA FRA PV DES HID COR 400ML AVN PIX,3.4,5.2,-1.45
151022,NATURA HOMEM BALM POS BARBA 75ML,3.7,5.8,-1.56
173429,EKOS OLEO DES BREU 100ML,3.1,4.4,-1.16
152330,HOMEM HIDRA MAOS MASC 50ML,9.4,16.0,-1.93
132967,HUMOR DA MINHA VIDA EDT FEM 75 ML ARG,1.8,2.2,-0.5
105026,FACES GEL GLITTER 80G,3.0,6.2,-2.88
93029,FACES BATOM MATTE RED SQUARE AMOR,1.8,2.5,-1.01
140759,TODODIA ESFOL MACADAMIA 200ML,9.1,15.1,-1.78
92558,UNA BASE MOUSSE FPS15 CLARO 24,2.0,2.9,-1.36
15817,UNA ESMALTE 3D GEL POESIA 760,2.0,2.8,-1.09
104003,LUNA HID RADIANTE MAOS 40G,4.7,7.3,-1.48
107779,UNA CJ REG BASE FLUIDA HD 24F,1.0,2.0,-2.71
146478,UNA CANETA DELIN MARROM CONF 1ML,1.1,1.6,-1.19
15839,EKOS HID MAOS MARACUJA 40G LTM,9.5,14.8,-1.53
170806,ESSENCIAL DES HID EXCL RAM 125ML,2.3,5.4,-3.66
12180,FACES BATOM MATTE BOCA AMOR,3.7,5.6,-1.39
59891,CHRONOS HID ANTIS ANTIS45+ N REN PSE 40G,1.4,2.7,-2.48
140916,EKOS  SPRAY AMBIENTES MARAC 150ML LTM,3.8,6.4,-1.78
59890,CHRO CRE ANT SEN FIR RAD 45+ FPS30 LATAM,4.0,6.0,-1.3
107772,UNA CJ REG BASE FLUIDA HD 16F,1.3,2.5,-2.27
69720,CHRONOS SABONETE PELE OLEOSA,2.5,4.7,-2.31
59880,CHRONOS HID ANTIS ANTIS30+ FPS30 PSE 40G,4.7,6.4,-0.99
57992,CHRONOS ANTISSIN 45+ NOITE REFIL NV,2.3,4.7,-2.79
59374,CHRONOS SAB CREME PELE NOR SEC 115ML NV,2.8,7.6,-4.61
69059,CHRONOS DEMAQUILANTE MICELAR REG,1.4,3.6,-4.34
15811,SR N SAB BARRA CORPO E BARBA 90G,8.9,6.7,0.67
59885,CHRONOS HID ANTIS ANTIS60+ FPS30 PSE 40G,4.9,7.2,-1.31
92794,MMBB RF CONDICIONADOR 200ML BTV,10.6,21.4,-2.75
103334,ESSENCIAL ELIXIR MASC EDP 100ML LTM,4.7,7.7,-1.78
89500,FACES SOMBRA TRIO ROCKN RED 3G,1.0,1.1,-0.38
69198,SR N CLASSICO EDT MASC 100ML LTM NV,4.3,7.5,-2.05
8885,FACES CJ PO COMP MATTE CAST 20,1.1,1.3,-0.6
109153,"FACES SOMBRA MONO VERMEL PARTY 1,5G ARG",1.0,1.0,-0.05
108631,EKOS DES HID POLPA BURITI 200ML LTM,1.1,1.2,-0.19
168988,TODODIA SAB LIQ FRAMB PIMEN VERM 290G,10.2,14.3,-1.08
184131,TDD CJ COLEC FRAM PIMIEN ROSA MAD 2025,30.9,37.8,-0.61
154866,TODODIA SH HIDRATACAO 300ML,5.6,10.6,-2.46
156233,TODODIA CRM COND REPARADOR 180ML,4.6,7.0,-1.45
168818,CHRONOS D RF SERUM PREENCHEDOR PS 30ML,2.4,3.0,-0.71
154873,TODODIA COND HIDRATACAO 280ML,4.5,6.5,-1.21
206,HUMOR EDT PAZ E HUMOR 25ML AVN,1.3,2.9,-3.58
154863,TODODIA RF COND MASCARA NUTRICAO 250ML,4.3,7.8,-2.14
73214,EKOS FLUIDO MASSAG CRP ANDIR NV 100G LTM,5.6,10.1,-2.18
164513,HUMOR DES HID PROPRIO GEL 100G,3.0,9.3,-5.68
168987,ILIA DES HID FLOR DE LARANJEIRA 40G,5.9,8.4,-1.19
110258,EKOS FRESCOR EDT ACAI 75ML LTM,2.0,2.8,-1.14
163707,EKOS DES HID CRP CACAU 400ML LTM,4.1,7.8,-2.43
156125,KAIAK DES HID CLAS POS SOL 390ML,1.7,1.9,-0.29
140444,LUNA SAB BARRA VIVA 2X90G,4.3,10.5,-3.96
124395,EKOS SAB BARRA MONOPACK ACAI 4X100G,4.8,9.2,-2.49
123133,TODODIA DEO ROLL ON PREB MACADAMIA 70ML,2.0,3.0,-1.44
156234,TODODIA RF CRM COND REPARADOR 180ML,3.0,5.5,-2.21
174190,EKOS HID MAOS TUKUMA 40G,3.1,4.0,-0.83
72195,TODODIA MACADAMIA SPRAY PERF 200ML,2.9,4.0,-1.0
168017,UNA ARTISAN EDP FEM COL 50ML,2.2,1.9,0.42
156244,NATURE RF COL CATAVENTO MOLINO 100ML,1.6,1.6,-0.0
89185,HOMEM EAU PARFUM ESSENCE 25ML LTM,2.0,3.0,-1.41
115664,HUMOR GEL POS BARBA PAZ E HUMOR 75G,2.7,3.5,-0.87
156236,TODODIA RF CRM COND PENTEAR NUTRIT 180ML,2.0,3.0,-1.3
102417,NATURE SAB LIQ TERMO 250ML,2.8,5.6,-2.71
102404,NATURE CRM PENTEAR TERMO 250ML,6.5,10.1,-1.52
104099,FACES BASE LIQUIDA MATTE 43N,1.0,1.0,-0.0
155601,TODODIA SH REPARACAO 300ML,4.7,8.4,-2.16
156237,TODODIA CRM COND PENTEAR NUTRITIVO 180ML,2.5,4.3,-1.87
164516,LUMINA SH FORCA 300ML AVN,2.5,4.2,-1.83
108133,UNA BASE MATTE 24F BF 30ML,1.4,1.2,0.28
102416,NATURE SAB BARRA FOLHINHA 3X90G,2.8,4.9,-2.07
128757,COLONIA CORRE CORRE NATURE 100ML,2.6,5.2,-2.82
154870,TODODIA COND NUTRICAO 280ML,3.0,5.4,-2.09
83322,ILIA SECRETO EDP 50 ML ARG,12.3,14.3,-0.45
152277,HOMEM GEL BARBA 75G,2.1,3.0,-1.19
154871,TODODIA COND MASCARA HIDRATACAO 250ML,10.5,16.4,-1.53
154875,TODODIA COND MASCARA REPARACAO 250ML,10.6,19.2,-2.23
154872,TODODIA COND MASCARA NUTRICAO 250ML,8.8,13.2,-1.35
167331,UNA BATOM LIQ MATTE INTRANS NUDE 2C 8ML,1.2,2.0,-1.98
152331,HOMEM OLEO PARA BARBA 30ML,2.6,4.4,-1.87
108126,UNA BASE MATTE 12F BF 30ML,1.0,1.1,-0.27
121958,TODODIA HID DES NUVEM CAMOMIL 200ML,3.3,4.7,-1.14
154869,TODODIA SH NUTRICAO 300ML,3.0,5.1,-1.84
148001,TODODIA DES CRM CEREJA E AVELA 80G,3.6,5.2,-1.24
130321,EKOS CJ PITANGA JL MANOS PULPA MANOS CH,4.8,8.1,-1.85
132669,EKOS HIDRA DES CORP MARACUJA 400ML LTM,5.9,9.0,-1.38
154876,TODODIA COND REPARACAO 280ML,4.5,7.1,-1.52
168015,HOMEM EAU PARFUM NOS 100ML LTM,2.4,3.0,-0.75
174172,TODODIA SAB BAR ROMA F DE AMORA 90G,6.5,10.6,-1.75
90130,URBANO NOX EDT 100ML COL NV,31.1,34.4,-0.29
167330,UNA GLOSS NUDE 2C INTENSO 8ML,1.1,1.5,-1.08
108130,UNA BASE MATTE 20N BF 30ML,1.0,1.1,-0.22
146473,NATURE RF COL CORRE C PILLA PILLA100ML,1.5,2.3,-1.5
124394,EKOS SAB BARRA MONOPACK UCUUBA 4X100G,8.5,16.6,-2.59
174191,SEVE OLEO DES AMENDOAS E FRESIA 200ML,31.1,35.8,-0.41
127762,UNA BASE POWDER 40Q,1.0,1.4,-1.12
189571,TODODIA DES HID CORP POT CERNG 250G TER,9.5,13.0,-1.0
125265,TODODIA DES HID CORP CIR Y FLOR C 400ML,2.4,4.4,-2.32
110194,UNA BASE SERUM NUDE ME 31N SCH,1.2,1.0,0.32
106496,NATURE HID CORPORAL 125ML,2.8,3.6,-0.81
102411,NATURE COL PIQUEPEGA BAILABAILA 100ML,2.0,3.2,-1.6
189413,TODODIA DES ROLLON AXL SEM PERFUME 70ML,32.3,40.7,-0.71
132681,EKOS FRESCOR EDT MARAC NOTURNO 150ML LTM,3.3,4.8,-1.24
169234,CHRONOS RF SUPER SERUM RUGAS PS 30ML,2.7,3.5,-0.85
108132,UNA BASE MATTE 23F BF 30ML,1.0,1.1,-0.1
56768,HUMOR PROPRIO DES CORPORAL RF,2.1,3.5,-1.91
110198,UNA BASE SERUM NUDE ME 35Q 35C,1.3,2.6,-2.88
171367,LUMINA ESSENC PERF CAB ATH PS 30ML,9.1,13.6,-1.35
164395,EKOS SH MURUMURU 100ML,1.6,4.3,-4.71
148478,EKOS EAU DE PARFUM RAIZ 50ML,2.4,2.7,-0.39
146474,NATURE RF COL PULA PULA SALTA SALTA100ML,1.5,1.7,-0.29
139844,EKOS SAB BAR TUKUMA 2X100G LTM,10.2,15.7,-1.46
111399,FACES BATOM LIQ LON DUR OCEAN HYPE,1.0,1.1,-0.22
2829,TODODIA SAB BARRA MACADAMIA 5X90G NV,3.9,5.0,-0.81
107130,UNA CORRETIVO CUSHION NUDE ME 32N,1.4,1.0,0.83
169238,CHRONOS D RF SUPER SERUM OLHOS PS 15ML,1.4,2.1,-1.38
164509,LUMINA RF SH FORCA 300ML,3.4,7.4,-3.21
197650,PITANGA PRETA COMBO POWER 2025,3.3,3.3,0.02
197659,CHRONOS DESMAQUILLANTE COMBO POWER 2025,2.0,2.2,-0.33
172414,FACES BATOM LIQ GLOSSY ROXO LIFE BAIANA,1.1,2.0,-2.22
147460,CHRONOS MINI AGUA MICELAR PSE 55ML,1.9,2.0,-0.14
189390,KAIAK DES ROLLON CLASSICO 75ML,6.7,7.5,-0.32
70388,EKOS RF SAB LIQ MAOS MARACUJA 250ML,4.0,7.0,-2.03
95937,TODODIA HID CEREJA E AVELA MAOS 50ML,12.3,17.4,-1.13
100605,TODODIA RF HID DES CEREJA E AVELA 400ML,17.9,18.5,-0.1
21307,TODODIA OLEO DES HID COR CERE 120ML TERC,11.4,10.2,0.28
93620,ESSENCIAL FLORAL FEM EDP 100ML INT LTM,4.6,6.4,-1.02
174493,TODODIA SAB LIQ INTIM CEREJA AVELA 200ML,11.0,18.2,-1.78
147392,FACES CONJ DELINEADOR ROTINA GLAMUROSA,5.8,11.4,-2.66
159717,"UNA LAPIS OLHO KAJ PRET TAYLO 1,14G",2.4,3.2,-0.9
139960,ESSENCIAL SAB LIQ OUD ILUMIN FEM 100ML,1.4,1.7,-0.71
162315,"EKOS HID LABIAL CACAU 3,5G",5.9,7.3,-0.65
167324,UNA GLOSS NUDE 2C 8ML,1.1,1.7,-1.56
171354,TODODIA M FRAM ROSA SAB HIDRA ESF3X100ML,6.9,10.9,-1.56
127768,UNA BASE POWDER 12F,1.1,1.7,-1.56
127763,UNA BASE POWDER 29N,1.0,2.9,-5.11
134434,EKOS OLEO HID DES TRIF AMAZO 200ML LTM,5.2,11.2,-3.12
174926,TODODIA DES OLES CEREJ NEGRA BIFAS 120ML,20.5,27.5,-0.94
146906,UNA PALETTE MULTIFUNCIONAL TAYLOR,1.4,1.7,-0.62
150223,HOMEM DES ROLLON SEM PERFUME 75ML,6.9,11.0,-1.63
160201,UNA EDP BRILHO 75ML,2.2,1.7,0.59
173434,KAIAK SAB LIQ CLASS FEM RAM 200ML,2.4,4.9,-2.94
162209,EKOS EDT FRESCOR CACAU 150ML LTM,2.9,4.1,-1.16
151023,HOMEM SAB BAR CORPO BARBA 3X110G,9.5,12.9,-0.98
110182,UNA BASE SERUM NUDE ME 12F SCH,2.5,2.4,0.13
129955,KAIAK OCEANO GEL MULTIBARBA 100G,4.2,10.2,-3.84
121493,EKOS OLEO HID DES PTANGA PRETA 100ML LTM,16.2,22.0,-0.98
160265,HUMOR HID MAOS PROPRIO 40G,16.2,26.3,-1.67
19466,TODODIA PES E FLOR PERA SPRAY PERF 200ML,24.3,31.4,-0.79
124834,SABONETE BARRA FACIAL ESF BIOME 65G,1.0,1.0,-0.0
73688,HUMOR QUIMICA DE HUMOR MASC EDT LTM,21.9,26.5,-0.57
108144,UNA BASE MATTE 32Q 32C BF 30ML,1.2,1.0,0.4
148477,EKOS EAU DE PARFUM PEDRA 50ML,2.6,3.1,-0.51
156124,UNA MASCARA VOL MAG TAYLOR 8ML,1.4,1.1,0.6
95841,TODODIA SPRAY PERFUMADO CEREJA 200ML,25.9,34.6,-0.92
148479,EKOS EAU DE PARFUM ALMA 50ML,2.7,3.3,-0.55
160216,HOMEM SH ANTIQUEDA 300ML,7.2,9.7,-0.94
128643,EKOS SHAMPOO MURUMURU 100ML LTM,4.3,5.6,-0.85
150225,HOMEM DES ROLLON CLASSICO 75ML,10.7,18.7,-2.02
140924,UNA DIVERSOS PRESENTE BEAUTY BOX,2.7,3.5,-0.79
110425,KRISKA DES CORP HID DRAMA 125ML,5.1,5.7,-0.33
132765,ILIA EAU PARFUM FLOR DE LARANJ 50ML MEX,2.6,4.0,-1.44
125365,NAT HOMEM ELO SHAMPOO 200ML,9.7,15.6,-1.65
61263,CHRONOS DEMAQUILANTE BIF 150ML SXV,5.8,8.6,-1.3
169529,KAIAK EDT CLASS AVEN VIT 3X25ML LTM,2.3,3.2,-0.98
123156,ERVA DOCE DEO CORPORAL 100ML,7.2,12.6,-2.01
167327,UNA BATOM LIQ CRISTAL NUDE 2C INTEN 8ML,1.1,1.7,-1.41
168990,FACES DELINEADOR PER E COB 2UNID,2.2,3.8,-2.0
179067,ESSENCIAL SENTIR EDP MASC 100ML LTM,7.6,8.5,-0.32
178865,NATURA SOLAR GEL POS SOL 120G,2.2,4.3,-2.49
169223,CHRONOS RF SERUM ANTIOXIDANTE PS 15ML,2.0,2.1,-0.03
102418,NATURE RF SAB LIQUIDO 250ML,3.2,5.5,-1.91
110464,NATURA HOMEM CREME BARBEAR TATO 75G,4.8,8.7,-2.22
218967,BLOCK IMANTADO,1.4,1.6,-0.31
121699,TODODIA SAB BAR NOZ PECA FELIZ 2X90G,4.0,9.4,-3.66
155855,TDD SAB LIQ CRM FRAM PIM VERM 24 100ML,25.3,39.8,-1.56
148491,TODODIA HID MAOS CIRUELA F CEREZO 50ML,13.0,25.6,-2.63
107132,UNA CORRETIVO CUSHION NUDE ME 37N,1.4,1.0,0.83
172969,LUNA LIBERDADE EDT 75ML LTM,2.9,4.3,-1.26
167322,UNA BATOM LIQ CRISTAL NUDE 2C 8ML,1.1,1.9,-1.79
139270,NATURA RF DIF AMB 861 GUAICO 200ML,4.3,9.3,-3.22
171357,HOMEM POMADA MODELADORA CAPILAR 100G,2.4,3.4,-1.11
177162,LUNA LIBERDADE DES HID 300ML,4.4,8.7,-2.58
182997,FRAGRANCIA 774 ROSA,1.4,9.0,-14.21
178907,EAU PERF AURA ALBA 75 MLTERC,2.9,13.1,-9.53
102407,NATURE RF SH 2 EM 1 250ML,4.0,5.6,-1.02
104886,UNA REF BASE HD 32Q 32C,1.1,2.7,-3.97
164505,LUMINA COND MASC FORCA 250ML ES,3.4,4.7,-1.02
126266,NATURE SAB BARRA NATURES 4X90G,5.6,9.1,-1.75
160273,HOMEM SAB LIQ ESFOLIANTE 75ML,3.9,5.5,-1.08
182998,FRAGRANCIA 861 GUAIACO,1.4,9.6,-15.94
154859,TODODIA RF COND NUTRICAO 280ML,4.9,7.6,-1.48
102405,NATURE RF COND CPP CACHOS 250ML,3.5,5.4,-1.47
164517,LUMINA COND FORCA 300ML PS,2.5,3.2,-0.66
167237,CHRONOS  MINI CLEASING OIL PSE 50ML,2.2,4.1,-2.23
167329,UNA BT LIQ MATTE INTRA NUDE 2C INTEN 8ML,2.0,3.0,-1.44
151019,HOMEM MULTICORRETOR ANTISSINAIS 40G,5.9,6.3,-0.18
154864,TODODIA RF COND MASCARA REPARACAO 250ML,5.4,7.6,-1.07
212410,CHRONOS ARRUGAS NAVIDAD 2025 CH,2.2,1.3,1.14
218965,LAPIZ SEMILLA,1.3,1.2,0.13
212419,CHRONOS RUTINA ANTI +30 NAVIDAD 2025,2.1,1.1,1.28
162222,EKOS HID MAOS CACAU 75G LTM,27.7,38.4,-1.06
160242,KAIAK FEM DES HID REFRESC AVENTURA 100ML,5.3,20.7,-7.95
166110,ESSENCIAL SENTIR EDP FEM 50ML COL,3.7,6.3,-1.92
116087,FACES SABONETE LIQUIDO ROSTO GEL 50G,9.6,13.8,-1.18
122945,EKOS PIT PRETA POLPA PARA MAOS 40G LTM,40.1,41.8,-0.11
171355,ILIA HID MAOS SECRETO 40G,32.5,31.3,0.1
212389,HUMOR PAZ E HUMOR MINI NAVIDAD 2025 CH,1.6,1.1,0.82
167286,LUMINA SH ALISADOS 300ML PS,2.3,4.9,-3.0
166092,LUMINA COND MASCARA QUIM DANIF MONT,5.8,12.2,-2.98
167294,LUMINA RF SH ALISADOS 300ML,3.1,5.5,-2.01
167295,LUMINA RF COND MASC ALISADOS 250ML,2.4,4.0,-1.71
212433,NATURE MOLINO OPC 1 NAVIDAD 2025 CH,1.1,1.7,-1.64
212376,FACES DUO ROSTRO NAVIDAD 2025,4.4,2.9,0.88
212393,KAIAK URBE BARBA NAVIDAD CH,3.7,2.8,0.64
212386,EKOS CASTANA PERFU NAVIDAD 2025 CH,1.1,1.5,-1.08
212351,EKOS MARACUYA PERF NAVIDAD 2025 CHI,2.3,2.9,-0.76
164506,LUMINA RF COND MASC FORCA 250ML,2.1,4.4,-2.97
102412,NATURE COL PULACORDA SALTARCUERDA 100ML,1.8,3.0,-1.71
162220,EKOS SAB BAR CACAU 4X100G,5.7,7.5,-0.84
169235,CHRONOS RF SERUM MULTICLAREADOR PS 30ML,2.1,2.2,-0.16
212374,EKOS CASTANA CUERPO NAVIDAD 2025,5.2,8.4,-1.7
212356,UNA REVELE ROSE OPC 1 NAVIDAD 2025  CHI,3.2,1.9,1.05
170509,KAIAK AVENT FEM EDT 25ML LTM,3.1,5.0,-1.69
212360,HOMEM CPH NAVIDAD NAVIDAD 2025 CHI,1.4,1.2,0.43
212420,CHRONOS RUTINA ANTI +45 NAVIDAD 2025,4.7,3.7,0.58
212409,ESSENCIAL UNICO FEM NAVIDAD 2025 CH,2.2,1.4,0.93
151028,NATURA 505 IRIS EAU PARFUM 50ML,1.6,11.1,-16.35
212422,CHRONOS RUTINA ANTI +70 NAVIDAD 2025,4.9,3.8,0.65
212402,CHRONOS LIMPIEZA NAVIDAD 2025 CH,2.5,2.8,-0.28
212405,LUMINA CJ MONTADO NAVIDAD 2025 CH,1.6,1.4,0.36
109482,KAIAK  KAIAK CLASS POS BARBA SPRAY 150ML,10.7,14.0,-0.84
181897,KAIAK CLASS MASC EDT 25ML LTM,3.2,4.6,-1.23
170505,KAIAK URBE EDT 25ML LTM,2.7,4.4,-1.67
169244,CHRONOS D RF SERUM OLEOSIDADE PS 30ML,1.0,1.0,0.05
212421,CHRONOS RUTINA ANTI +60 NAVIDAD 2025,5.7,4.9,0.39
212423,CHRONOS RUTINA ANTI +80 NAVIDAD 2025,3.4,2.8,0.52
97430,EKOS OLEO DES TRIF ANDIROBA NV 200ML LTM,13.3,12.3,0.2
212355,LUNA RADIANTE NAVIDAD 2025 CHI,2.9,2.3,0.61
110682,UNA RF PO COMP NUDE ME 31N 10G,1.0,1.1,-0.22
92584,UNA BLUSH INT ME RF ROSE MATTE,1.0,2.0,-2.51
92595,UNA BLUSH RF CORAL PE BLISTER,1.0,2.0,-2.45
122344,ILIA COMPLETA EDP 50ML LTM,3.0,5.2,-2.04
212365,ESSENCIAL SENTIR MASC NAVIDAD 2025,2.6,3.2,-0.65
75239,UNA CJ BLUSH REALCE ME REG ROSE MATTE,1.1,3.5,-5.72
151030,NATURA 740 SANDALO EAU PARFUM 50ML,1.2,12.3,-25.53
75242,UNA CJ BLUSH REALCE ME REG CORAL PEROL,1.6,3.1,-2.48
139272,NATURA RF DIF AMB 774  ROSA 200ML,2.3,5.0,-3.09
229904,LUNA ATITUDE NAVIDAD 2025 CH,2.1,2.8,-0.91
16528,BIOME SHAMPOO CONDICIONA BARRA 90G,1.0,2.3,-3.35
212357,HUMOR MEU PRIM BRINDE NAVIDAD 2025 CHI,1.9,1.0,1.27
212364,HUMOR PAZ E HUMOR NAVIDAD 2025,1.9,1.9,0.08
215931,KAIAK OCEANO FEM NAVIDAD 2025 CH,2.6,1.8,0.86
215942,ILIA COMPLETA NAVIDAD 2025 CH,2.1,1.9,0.36
212359,CJ MONTADO HUMOR FACES NAVIDAD 2025 CHI,1.4,1.4,-0.04
183003,FRAGRANCIA 861 GUAIACO REFIL,1.7,6.5,-7.7
172406,HUMOR PAZ SHAMPOO CAB E CORP 100G,1.4,4.2,-5.59
170728,KAIAK DES HID URBE ACQUA 100G,3.3,3.5,-0.18
140015,HUMOR DES SPRAY PROPRIO BODY SPL 200ML,86.4,53.8,1.02
212388,ILIA SECRETO NAVIDAD 2025 CH,3.0,3.5,-0.41
139034,NATURA COLECAO EDP 4X10ML,4.8,17.3,-7.11
229907,LUMINA RECONSTRUCCION NAVIDAD 2025 CH,2.3,2.6,-0.4
215912,CHRONOS ACQUA NAVIDAD 2025 CH,4.7,4.1,0.37
212440,HOMEM CORAGIO CANETINHA NAVIDAD 2025,3.8,3.8,-0.03
212434,NATURÉ CORRE NAVIDAD OPC 2 NAVIDAD 2025,1.7,1.3,0.75
154865,TODODIA RF SH REPARACAO 300ML,6.7,12.0,-2.15
168352,UNA ARTIS SOMB STICK DOURAD CINTIL,1.3,1.7,-0.98
151025,NATURA 875 VETIVER EAU PARFUM 50ML,1.2,12.3,-25.53
154868,TODODIA RF SH HIDRATACAO 300ML,6.9,15.1,-3.24
154860,TODODIA RF COND HIDRATACAO 280ML,6.0,13.0,-3.2
154861,TODODIA RF COND REPARACAO 280ML,6.5,11.4,-2.06
154862,TODODIA RF COND MASCARA HIDRATACAO 250ML,5.8,9.3,-1.67
168350,UNA ARTISAN SOMB STICK PEROLA CINT,1.9,2.6,-1.02
154867,TODODIA RF SH NUTRICAO 300ML,4.5,7.4,-1.73
168349,UNA ARTISAN SOMB STICK ROXO CINTIL,1.1,1.7,-1.56
99183,TODODIA HID DES CEREJA AVELA 400ML LTM,16.4,24.4,-1.32
135050,TODODIA DES COLO ROMA E FLOR AMORA 200ML,127.2,174.3,-1.01
104879,UNA REF BASE HD 20N,1.0,2.0,-2.61
168346,UNA BATOM HID EXTREMO CONFORTO ROSA 2C,1.1,2.0,-2.08
104883,UNA REF BASE HD 29N,1.2,2.0,-2.06
162216,EKOS EDT FRESCOR MARACUJA 75ML LTM,2.1,2.7,-0.8
167291,LUMINA COND ALISADOS 300ML PS,2.4,3.8,-1.61
181339,TODODIA RF DES HID CORP NOIT VERAO 400ML,2.6,3.7,-1.11
102406,NATURE SH 2 EM 1 TERMO 250ML,4.7,7.2,-1.46
160210,HOMEM SH ANTICASPA 300ML,3.7,6.5,-2.09
194526,EKOS DES HID CORP PITANGA 400ML LTM,3.6,3.5,0.08
167289,LUMINA COND MASC ALISADOS 250ML PS,3.3,6.1,-2.21
170511,KAIAK OCEANO FEM EDT 25ML LTM,1.9,3.0,-1.48
168347,UNA BATOM HID EXTREMO CONFORTO LARANJ 2C,1.0,1.0,-0.0
170504,UNA BLUSH LIP TERRACOTA 6G,1.7,2.2,-0.9
170503,UNA BLUSH LIP CORAL 6G,1.6,2.6,-1.59
97269,EKOS POLPA HID MAOS ACAI 75G LTM,32.1,34.3,-0.19
164512,LUMINA RF COND FORCA 300ML COL,2.2,6.1,-4.68
176914,NATURA SOLAR CORPORAL FPS50 200ML,5.8,7.0,-0.57
168348,UNA BATOM HID EXTREMO CONFORTO ROXO 8C,1.1,1.3,-0.67
123159,LUNA ILUMINA EDP LTM 50 ML,5.4,7.2,-0.9
156243,TODODIA DES HID F PERA MELISSA 400ML LTM,19.5,48.5,-4.03
162090,EKOS ESFOL TERMICO ANDIROBA NV 100G,5.2,6.6,-0.72
110681,UNA RF PO COMP NUDE ME 27N 10G,1.0,1.2,-0.37
176907,NATURA SOLAR CRIANCA FPS 50 200ML,1.1,2.3,-3.07
100383,TODODIA RF HID DES AMEIXA BAUNILHA 400ML,28.9,28.6,0.03
100090,TODODIA HID DES AMEIXA BAUN 400ML LTM,28.5,28.3,0.03
167236,CHRONOS D LIP BALM 15 ML,2.8,6.6,-3.71
95843,TODODIA SAB LIQUIDO CEREJA 300ML,10.0,18.9,-2.41
151018,HOMEM SH 2 EM 1 300ML,9.3,12.0,-0.78
18978,TODODIA RF SAB LIQ CEREJA 300ML,11.9,20.2,-1.91
184074,EKOS CJ BREU BRANCOMADRES 2025,3.3,5.5,-1.84
88075,TODODIA SPRAY PERF AMORA VERM JABU 200ML,15.0,21.1,-1.1
215930,TODODIA FR ROJAS PERFU NAVIDAD 2025 CH,5.3,4.3,0.53
229908,EKOS PITANGA NAVIDAD 2025 CH,3.5,2.4,0.83
175105,FACES GLOSS MYSTIC GALAXY,2.2,2.1,0.15
130049,MMBB SABONETE LIQUIDO CLASSICO 100ML,4.4,8.1,-2.29
130041,MMBB SABONETE LIQUIDO RELAXANTE 100ML,3.4,7.7,-3.47
134719,TODODIA UVA ROSA R 24 DES HIDR COP 100ML,18.2,18.3,-0.02
129614,KAIAK  O2  FEM EDT 100 ML LTM,2.0,3.2,-1.7
48387,SEVE OLEO HID DES AMEN E CEREJA 200ML,10.2,10.2,-0.02
121698,TODODIA SAB BARRA AMORA E JAB 2X90G,1.7,3.4,-2.88
130042,TODODIA FRAM P V OLEO BIF DES CORP 120ML,3.4,4.3,-0.71
113151,ILIA PLENA 50ML EDT COL,2.1,2.0,0.08
140915,EKOS MANTEI LABIAL CASTANHA 10ML LTM,4.8,9.0,-2.37
175111,FACES GLOSS SPARKLE GLASS,2.2,3.3,-1.38
175103,FACES GLOSS BROWN STAR,2.2,2.0,0.2
128750,NAT HOMEM ELO 2EM1 BARBA 75 ML,3.5,6.0,-1.87
127776,UNA BASE POWDER 32Q,1.1,1.7,-1.54
174189,EKOS HID MAOS CAST 40G,7.5,7.0,0.2
174202,EKOS HID MAOS MARAC 40G ARG,5.9,7.4,-0.66
24304,UNA LAP OLHOS LONGA DURACAO PRETO,1.7,3.2,-2.27
111569,SEVE AMEND CANELA DEO OLEO HID 100ML,3.7,4.8,-0.75
110254,EKOS FRESCOR EDT CASTANHA 75ML LTM,1.3,1.5,-0.28
174343,EKOS PERF MAD FLOR EDT 150ML LTM,2.3,2.9,-0.73
121965,TODODIA SAB BARRA MASSAG CAM LAVAN 2X80G,9.1,17.8,-2.59
174612,TODODIA DES HID CORP MTG CJAV 200ML,4.6,9.0,-2.62
121962,TODODIA HID DES CORP NOTUR 400ML ARG,4.6,7.1,-1.48
174922,TODODIA HID LABIAL COR CEREJA 2 7G,19.0,43.4,-3.5
97261,EKOS SAB LIQ ESF CORP ACAI 185ML ES,8.9,17.1,-2.51
121961,TODODIA RF HID DES CORP CAMOM LAVA 400ML,5.2,6.4,-0.64
108221,ESSENCIAL INTENSO MASC EDP 100ML LTM,4.7,8.8,-2.35
175112,FACES GLOSS PINK UNIVERSE,1.5,2.1,-1.26
174598,KRISKA EDT EDT FLORES 100ML LTM,1.6,2.2,-0.98
165814,UNA PO SOLTO FACIAL LUMINOSO,2.0,2.7,-0.99
140005,KAIAK DES HID REFRESCANTE 100ML RAM,4.1,8.8,-3.18
140004,HUMOR SAB BAR PROPRIO 90G,3.2,9.9,-5.61
165384,UNA PO SOLTO FACIAL MATTE,2.7,3.2,-0.55
174621,EKOS DES HID BREU BRANCO CORP 250ML,16.2,26.5,-1.72
108218,ESSENCIAL MIRRA MASCULINO EDP 100ML LTM,2.0,3.0,-1.44
127777,UNA BASE POWDER 35Q,1.2,2.5,-3.13
108142,UNA BASE MATTE 31N BF 30ML,1.0,1.1,-0.22
174595,TODODIA RF DES HID CORP CEREJ NEGR 400ML,25.4,49.2,-2.54
174924,TODODIA DES HID CORP CERE NGR 400ML LTM,27.9,54.2,-2.56
102409,NATURE COL ESCONDE ESCONDIDAS 100ML,2.6,3.5,-0.91
164518,LUMINA COND PR TERM FORCA 150ML PS,25.3,32.7,-0.8
164508,LUMINA SERUM FORCA 100ML TERC PS,9.5,13.6,-1.16
160264,HOMEM SHOWER GEL 200G,14.0,22.4,-1.62
183307,FACES HID SHEET MASK REFRES IMP 20ML,9.3,13.9,-1.35
118905,FACES BATOM MATTE LARANJA LIBERTA,1.0,1.1,-0.16
174175,FACES SOMBRA PALETA 6 CORES,2.1,2.0,0.08
183308,FACES HID SHEET MASK PRE MAKE IMP 20ML,14.7,23.0,-1.53
167182,FACES GLOSS MULTICOLOR,2.6,3.5,-0.94
176410,EKOS SAB BAR MAR NAT SONHOS 4X100G,5.1,9.3,-2.25
140679,EKOS ESFOL MARAC EM CALDA 200G TERC LTM,8.7,14.2,-1.74
181898,KAIAK EDT CLASS FEM EDT LTM,4.2,6.0,-1.17
16267,BIOME SABONETE BARRA 90G,2.0,2.7,-1.08
212400,EKOS JABONES RYOS NAVIDAD 2025 CH,1.7,1.4,0.46
167192,FACES GEL SOBRANCELHA INCOLOR 3 5G,2.5,3.4,-1.02
215921,ESSENCIAL EXCLUSIVO FEM NAVIDAD 2025 CH,4.8,5.8,-0.59
127772,UNA BASE POWDER 31N,1.0,1.4,-1.12
212394,TODODIA  JABONES NAVIDAD 2025 CH,2.3,2.5,-0.21
169828,KRISKA  JEANS EDT 100ML LTM,4.0,7.0,-2.02
139996,KAIAK SAB LIQ CLASS ESFOLIANTE FEM 100G,1.6,2.6,-1.74
125524,KAIAK SAB LIQ AVENTURA 200ML,4.8,5.4,-0.39
108630,EKOS DES HID POLPA TUKUMA 200ML LTM,16.7,21.1,-0.71
160224,NH SHAMPOO CP 2 EM 1 125ML,13.7,27.5,-2.74
140087,KAIAK AVENT DES HIDRA CORP FEM 390ML,45.1,62.7,-1.06
110684,UNA RF PO COMPACTO NUDE ME 40N TERC AJS,1.2,1.0,0.37
148474,UNA BATOM ULTRA CARE 24H MARROM 10C 7ML,1.1,1.4,-0.69
135023,UNA BASE FACIAL TINT 40Q,1.2,1.5,-0.74
147196,EKOS HID MAOS PITANGA 40G,13.6,23.4,-1.96
159906,CHRONOS HID MONT ACQUA BIOHID 25ML,24.2,42.8,-2.09
110259,EKOS FRESCOR EDT ISHPINK 75ML LTM,6.1,8.2,-0.93
23083,TODODIA FRU VERM HID DES CORPO 200ML,11.8,16.9,-1.17
174494,TODODIA SAB BAR CEREJA NEGRA 5X90G,15.5,23.5,-1.4
174618,TODODIA DES BD SPLASH CEREJA NEGRA 200ML,79.4,81.9,-0.08
166855,KAIAK  PULSO EDT MASC 100ML LTM,7.4,10.2,-1.03
192066,MMBB CJ PRESTIGE  NINOS 2025,3.2,3.4,-0.13
192061,NATURE CJ  SH COND LISO Y OND NINOS 2025,3.8,4.4,-0.46
167296,"UNA BATOM CC VERMELHO 1 3,8G",2.7,4.5,-1.74
160235,HUMOR DES HID PAZ E HUMOR 125ML,1.5,3.5,-3.42
192062,NATURE CJ COL SALTARCUERDA SH NINOS 2025,2.1,2.4,-0.31
192060,NATURE CJ  COL BAILABAILA SH NINOS 2025,2.3,2.5,-0.31
192065,NATURE CJ  COL HID JAB4X90 NINOS 2025,17.3,18.4,-0.17
145471,EKOS SABBAR MON CAS 30X500MG TERC LTM,15.5,22.7,-1.26
138466,UNA CANETA DELIN AZUL OCEANO 1ML,1.2,1.6,-0.87
146475,UNA CANETA DELIN VERDE PLENIT 1ML,1.1,1.2,-0.35
138467,UNA CANETA DELIN LARANJA ILUMIN 1ML,1.2,1.2,0.13
12189,FACES BATOM MATTE VOCE DE LILAS AMOR,4.3,6.2,-1.22
76541,MMBB LARANJ SAB C SABONETEIR 100G MAES20,2.2,4.4,-2.67
116186,FACES BATOM MULTIMIX CREM ROCK N RED,2.4,3.8,-1.7
104889,UNA REF BASE HD 35Q 35C,1.0,1.1,-0.16
5870,TODODIA SAB LIQUID AMORA VERM 300ML EAN,7.5,11.8,-1.58
164388,EKOS COND MURUMURU 100ML,2.8,7.7,-4.7
167288,LUMINA COND SPRAY ALISADOS 150ML OS,26.8,29.3,-0.26
130048,TODODIA CARAMBOLA MANDARIN SAB LIQ 100ML,7.0,12.3,-2.05
120614,KAIAK ULTRA MASC EDT 100ML ARG,4.4,6.9,-1.5
192063,NATURE CJ  JABONES 3X90G NINOS 2025,2.7,4.7,-2.05
189407,TODODIA DES ROLLON AMEIXA 70ML,31.1,43.0,-1.04
100526,TODODIA SAB LIQUID AMEIXA BAUNILHA 300ML,19.8,26.0,-0.86
148016,TODODIA HID AMEIX E BAU MAOS 50ML,26.0,49.4,-2.44
111325,TODODIA OLEO DES CORP AMEIXA BAUNI 120ML,15.7,15.7,-0.01
100679,TODODIA DES SPRAY PERF AMEIXA BAUN 200ML,80.2,82.4,-0.07
151700,"FACES BATOM LAPIS MATTE NUDE 1,2G",2.0,2.7,-0.88
197665,TODODIA MELISSA PERA A&A  COMBO POWER 25,11.6,11.4,0.04
197667,TD MACADAMIA CUM COMBO POWER 2025,2.3,2.6,-0.3
197655,TODODIA SURTIDO JABONES COMBO POWER 25,10.6,13.0,-0.62
197656,SEVE AMENDOAS COMBO POWER,8.0,10.0,-0.69
197651,HOMEM POTENCE COMBO POWER 2025,12.1,15.0,-0.63
208075,LUNA LIBERDADE FP COMBO POWER 2025,3.0,3.0,-0.04
146476,UNA CANETA DELIN AMARELO SUAVE 1ML,1.1,1.1,0.15
197649,AGUAS JABUTICABA COMBO POWER 2025,1.4,1.5,-0.27
18889,EKOS HID POLPA MAOS TUKUMA 40G NV,1.9,2.4,-0.78
15796,EKOS HID MAOS UCUUBA 40G LTM,2.0,3.0,-1.32
174032,TODODIA ESSENCIA CABELOS 60ML,61.8,72.1,-0.45
197658,UNA OJOS Y LABIOS COMBO POWER 2025,1.2,1.5,-0.64
174918,TODODIA HID LABIAL COR AMEIXA 2 7G,18.9,45.4,-3.8
123025,FACES BATOM LIP TINT ROXO GO,2.0,2.9,-1.23
178162,FACES ESMALTES COR NUDE CAIENA 6ML,1.0,1.1,-0.16
147461,CHRONOS  MINI ESFOLIANTE PSE 15G,3.5,4.4,-0.69
137961,UNA BLUSH LIQUIDO CUSHION ROSE 10G,2.1,2.9,-1.03
164826,UNA GLOSS LABIAL HID ATIVA ROSE 1 5ML,1.9,3.1,-1.71
164824,UNA GLOSS LABIAL VOL IMED INCOLOR 5ML,2.8,5.5,-2.69
170513,KAIAK OCEANO MASC EDT 25ML LTM,6.3,9.9,-1.56
181014,TODODIA BATOM HID MACA DO AMOR 10ML,15.3,17.9,-0.46
167285,LUMINA RF COND ALISADOS 300ML,3.3,5.5,-1.87
190395,TODODIA DES HID CORP MANZANA 400ML LTM,64.4,37.9,1.12
181013,TODODIA DES SPRAY MACA DO AMOR 200ML,26.3,35.0,-0.89
178163,FACES ESMALTES PRETO LONDON 6ML,1.8,2.0,-0.21
178158,FACES LAPIS LABIOS NEON SECRET,1.1,2.0,-2.41
164823,UNA GLOSS LABIAL HID ATIVA VIOLETA 6 5ML,1.3,2.4,-2.26
178160,FACES ESMALTES VERDE PARAMARIBO 6ML,1.0,1.0,-0.0
137962,UNA BLUSH LIQUIDO CUSHION CORAL 10G,1.3,2.1,-1.65
181015,TODODIA SAB BAR MACA DO AMOR 5X90G,12.6,17.0,-0.95
178159,FACES LAPIS LABIOS PINK NEON,1.1,2.1,-2.56
164827,UNA GLOSS LABIAL HID ATIV LARANJA N1 5ML,1.1,1.4,-0.68
170153,HUMOR EDT ENVOLVE 75ML LTM,5.4,8.1,-1.33
197647,HUMOR PAZ E HUMOR COMBO POWER 2025,1.0,1.2,-0.6
202172,COMBO POWER TODODIA MACADAMIA,2.9,2.3,0.54
209145,TODODIA CJ MANZANA COMBO POWER FP 2025,6.4,16.8,-4.35
176913,NATURA SOLAR LOCAO FACIAL NS FPS50 50ML,9.3,12.8,-1.02
178858,NATURA SOLAR STICK INCOL FPS 50 15G,37.7,42.0,-0.31
162087,EKOS SAB BAR MASSAG ANDIROBA 2X100G,5.0,7.3,-1.26
176909,NATURA SOLAR FLUIDO FACIAL MO FPS50 50ML,8.2,12.7,-1.47
177729,FACES SOMBRA CHUMBO DESIRE,1.5,2.3,-1.54
166354,FACES SERUM ANTI OLEOSIDADE 30G,6.9,10.2,-1.31
162093,EKOS RF DES HID CRP ANDIROBA NV 400ML,6.5,7.6,-0.49
177718,"FACES LAPIS OLHOS PRETO 1,3G",2.9,5.4,-2.43
116695,FACES CHECKMATTE CORRETIVO 32N,1.0,1.0,-0.0
177726,FACES SOMBRA PEROLA CHARMING,2.2,3.0,-1.11
100530,TODODIA DES CRM AMEIX BAU 80G,14.5,22.8,-1.56
70404,EKOS SAB LIQ CREM UCUUBA ANGT 195ML,1.0,1.3,-0.76
177723,FACES SOMBRA PURPURA MYSTERY,2.2,2.1,0.15
128661,EKOS CONDICIONADOR MURUMURU 100ML LTM,3.6,13.7,-7.56
19081,SEVE OLEO HID DES AMEND DOCE 200ML,121.3,215.6,-2.11
170507,KAIAK AVENT MASC EDT 25ML LTM,1.9,3.4,-2.07
204715,FP EKOS CACAU HC MONTADO,4.9,7.9,-1.7
155859,TODODIA DES HID FRAMB PIM VERM 24 100ML,12.9,22.4,-1.99
180471,"TODODIA LIPBALM MANGA COC 2,7G",20.1,39.0,-2.56
190391,TODODIA COND VERAO 280ML,5.5,10.7,-2.58
190389,TODODIA SHAMP VERAO 300ML,6.9,11.9,-1.99
180477,TODODIA DES HID CORP POTE MANG COC 250G,15.4,14.2,0.21
192102,TODODIA SPRAY COND VERAO 200ML,44.4,42.3,0.13
212396,TODODIA NUEZ PE CACAO NAVIDAD 2025 CH,9.8,15.1,-1.47
201461,EKOS DES HID CALENDARIO ADVENTO 25,8.0,38.7,-10.48
183011,FRAGRANCIA 774 ROSA REFIL,1.4,11.0,-19.28
55107,UNA PINCEL PRO LABIOS,2.2,3.0,-0.9
212385,AGUAS VIOLETA NAVIDAD 2025 CH,1.7,1.2,0.85
212395,EKOS TRIO DE MANOS NAVIDAD 2025 CH,6.2,6.1,0.06
212384,HUMOR PROPRIO ENTRADA NAVIDAD 2025 CH,3.9,2.3,1.13
212391,TODODIA FRAMB Y PIM ROSA NAVIDAD 2025 CH,3.9,4.0,-0.08
212399,EKOS ACAI NAVIDAD 2025 CH,1.6,1.1,0.94
212398,EKOS MARACUYA CUERPO NAVIDAD 2025 CH,4.9,6.3,-0.8
212397,TD ALMENDRAS GLAS CRP NAVIDAD 2025 CH,6.7,9.2,-1.05
212369,TODODIA MORA RJ JABUTICABA NAVIDAD 2025,7.8,11.3,-1.22
212368,HOMEM CORAGIO BARBA NAVIDAD 2025,8.1,14.0,-2.01
212350,TD ALMENDRAS GLAS PERF NAVIDAD 2025 CH,7.7,13.5,-2.06
171113,UNA PRO PALETTE SOMBRAS SAFIRA,1.8,2.5,-1.17
212366,MMBB CJ MONTADO NAVIDAD 2025,5.2,7.0,-0.96
212371,EKOS CJ MONTADA RITUAL NAVIDAD 2025,3.7,4.4,-0.5
212373,EKOS JABONES NAVIDAD 2025,1.7,1.2,0.86
212439,TODODIA MANZANA CARA NAVIDAD 2025,7.0,6.6,0.15
212375,EKOS MANOS CASTAN MARACUYA NAVIDAD 2025,19.8,39.8,-2.73
212408,ESSENCIAL UNICO MASC NAVIDAD 2025 CH,2.2,1.4,0.93
212372,TODODIA FRUTAS ROJA CORP NAVIDAD 2025,7.2,11.0,-1.47
212352,HUMOR LIBERTA NAVIDAD 2025 CHI,3.5,3.0,0.43
212404,FACES OJOS NAVIDAD 2025 CH,1.0,1.4,-0.9
212401,FACES NAVIDAD 2025 CH,1.0,1.4,-0.9
122481,EKOS DES HID CORP PITANGA 250ML,2.4,4.7,-2.53
212353,KAIAK CLASICO MINI FEM NAVIDAD 2025,2.1,3.3,-1.52
177713,UNA PERF CELEBRAR EDP FEM 50ML COL,3.3,3.8,-0.39
212390,KAIAK URBE NAVIDAD 2025 CH,3.3,2.5,0.61
212361,ESSENCIAL SENTIR FEM NAVIDAD 2025 CHI,3.1,3.2,-0.02
171114,UNA PRO PALETTE SOMBRAS BRONZE,2.7,4.1,-1.41
171115,UNA PRO PALETTE SOMBRAS RUBI,2.4,4.2,-1.99
212367,KAIAK MASCULINO MINI NAVIDAD 2025,5.2,6.2,-0.49
212441,KRISKA DRAMA NAVIDAD 2025,5.9,4.8,0.51
212358,HUMOR MEU PRI RITUAL NAVIDAD 2025 CHI,3.0,3.2,-0.13
212354,KAIAK CLASICO FEMENINO NAVIDAD 2025,3.3,3.6,-0.21
212363,KAIAK CLASICO PRODUC MASC NAVIDAD 2025,2.2,2.7,-0.68
212370,TODODIA MONT FRAM PIM ROSA NAVIDAD 2025,5.7,6.2,-0.26
182678,ESSENCIAL DES HID OUD MASC CORP 100ML,1.4,9.1,-14.89
212432,EKOS MONTADO MURU MARACUYA NAVIDAD 2025,4.7,3.4,0.71
174921,UNA MASCARA DE CILIOS MULTI HD 9G,1.7,2.6,-1.44
105024,FACES HID MASCARA 50ML S CT,13.5,16.5,-0.62
192148,UNA GLOSS MULTIFUNCIONAL 7G,1.2,1.5,-0.8
145489,HOMEM TONICO CAPILAR ANTIQUED 100ML,5.0,5.9,-0.5
212437,UNA RUTINA  FIESTAS OPC 2 NAVIDAD 2025,1.1,1.7,-1.33
204794,EKOS POLPA HID POLPA MAOS CASTN LTM 75G,7.4,12.4,-1.8
159911,EKOS DES HID PIT PRETA 200ML,2.8,11.8,-8.74
212362,KAIAK CLASICO MASC INTER NAVIDAD 2025,3.3,2.0,1.08
196319,UNA BATOM CELEBRAR ROSE 4C 3.8G,1.1,1.7,-1.74
194212,UNA BATOM CC ROUGE CELEBRAR,1.3,1.8,-1.25
108875,KAIAK CLAS SAB BARRA BARBA E CORPO 2X90G,17.5,20.4,-0.44
15042,FACES REFIL PO COMPACTO CLARO 24,1.1,2.0,-2.41
119423,UNA BATOM LIQ LIPSTAIN ROSE 3G,1.0,1.6,-1.6
59363,CHRONOS SAB LIQ ESP CREMOSA 150ML NV,1.4,2.7,-2.67
150739,KAIAK SH CAB E CORP K 100ML,1.8,9.9,-12.52
115886,KAIAK GEL 2 EM 1 BARBA HID CLAS 100G,19.3,34.5,-2.13
163718,TODODIA DES HID CORP LIMAO 80ML,14.3,19.4,-0.96
170970,SR N EDT NOX 100ML LTM,13.3,32.6,-3.94
108876,KAIAK CLAS SH CABELO E CORPO MASC 200ML,7.4,13.1,-2.11
174170,ILIA SAB BAR SECRETO 90G,8.1,16.3,-2.77
159938,EKOS DES HID CASTANHA 200ML,16.1,26.5,-1.75
116947,NATURA HOMEM TATO EDP 25ML LTM,4.2,10.6,-4.11
85392,KAIAK EDT CLASSICO FEM 25ML LTM,10.7,13.0,-0.58
110686,NATURA HOMEM MASC DES SPRAY 100ML,42.7,58.2,-0.98
2815,TODODIA RF HID DES CORP MACADAM 400ML,17.3,20.3,-0.47
155852,TODODIA SAB LIQ FLOR PERA MELISSA 300ML,21.6,38.2,-2.08
148501,TODODIA SAB BAR CIRUELA CREM ESFOL 2X90G,23.4,33.8,-1.21
159904,EKOS DES HID MARAC WINNY 24 400ML,128.4,209.9,-1.72
113406,TODODIA RF SAB LIQUID CREM ALGODAO 300ML,15.1,25.6,-1.9
171353,EKOS CRM CJ MAOS BALM LABIAL 40G,123.6,193.5,-1.54
196320,UNA LAPIS OLHOS 1G PRATA CELEBRAR,1.2,1.0,0.32
194210,UNA BATOM CC NUDE 2C CELEBRAR,1.2,1.5,-0.69
137966,UNA LAPIS LABIAL MULTI ROSA,1.4,1.5,-0.2
160222,KRISKA SAB LIQ CLASSICO ILU 125ML,1.3,2.2,-1.89
137969,UNA LAPIS LABIAL MULTI VERM,1.1,1.4,-0.64
23152,TODODIA AVELA CASSI HID DES CORP 200ML,4.9,8.5,-2.04
187996,UNA PALETTE CELEBRAR 9G,3.1,3.9,-0.76
212428,UNA COLECCION MULTI OP1 NAVIDAD 2025,1.6,1.0,0.97
121372,UNA SOMB LIQ MARR METAL,1.0,1.8,-2.06
137958,FACES SOMBRA MONO YELLOW,1.0,1.0,-0.11
212406,FACES LAB WOW DELI LIQ NAVIDAD 2025 CH,1.1,1.0,0.25
212430,UNA COL FIESTA PALETA MASC NAVIDAD 2025,2.1,1.2,1.17
196315,UNA LAPIS OLHOS DOURADO CELEBRAR 1G,1.3,1.2,0.21
150302,LUMINA COND MASC ANTIQUE 50ML PS,2.0,2.4,-0.61
180470,"TODODIA LIPBALM ACEROL 2,7G",8.1,7.6,0.19
166350,FACES MASCARA REDUTORA DE POROS 50ML,4.3,7.7,-2.12
180469,TODODIA DES HID CORP ILU DOUR ACER 150ML,6.1,10.7,-2.06
215940,TODODIA ALGODON NAVIDAD 2025 CH,8.4,9.9,-0.49
163721,TODODIA DES CORP SPRAY ACEROLA HIB 60ML,6.0,9.8,-1.71
229905,EKOS CASTANA INTER NAVIDAD 2025 CH,8.7,8.6,0.01
215907,TODODIA FRAMB PIMIE ROSA NAVIDAD 2025 CH,10.2,13.7,-0.93
155891,TODODIA SAB BAR FLOR PERAMELISSA 2X90G,3.4,16.1,-9.96
150304,LUMINA COND MASC RECONST 50ML PS,3.2,3.7,-0.46
212431,FACES DUO OJOS MONTADO NAVIDAD 2025,1.1,1.3,-0.48
129825,HUMOR PRIMEIRO DES HIDRA MOUSSE 200G,4.0,10.3,-4.24
215938,UNA OJOS NAVIDAD 2025 CH,1.6,1.4,0.43
150303,LUMINA COND MASC NUTRICAO 50ML PS,2.6,4.5,-1.98
229906,EKOS UCUUBA NAVIDAD 2025 CH,3.4,3.4,-0.02
170796,TODODIA DES SPRAY BQ FLORES BY SP 200ML,30.1,38.0,-0.71
180473,TODODIA DES HID CORP ILU ACOB ACER 150ML,1.9,2.9,-1.34
174205,LUNA EDT CLASS LUNA GIRL 25ML LTM,2.7,2.5,0.12
102872,FACES BASE LIQUIDA MATTE 37C 37Q,1.0,1.0,-0.0
212436,UNA RUTINA  FIESTAS OPC 1 NAVIDAD 2025,1.1,1.7,-1.33
137954,"FACES SOMBRA MONO RUBI SHINE 1,5G",1.4,2.1,-1.46
215948,TODODIA ESTRELLAS NAVIDAD 2025 CH,5.0,3.4,0.89
215936,FACES DUO LABIALES  NAVIDAD 2025 CH,3.3,2.8,0.39
215927,FACES MASCARA Y LAPIZ RT NAVIDAD 2025 CH,1.9,1.4,0.72
215946,EKOS PITANGA PRETA PERF NAVIDAD 2025 CH,2.3,1.6,0.82
215926,KAIAK CLA MONT TRAV SIZE NAVIDAD 2025 CH,4.7,7.4,-1.58
123952,TODODIA DES HID CORPO ALGODAO 80ML,1.0,1.0,-0.05
151024,NATURA 679 AMBRETTE EAU PARFUM 50ML,1.2,12.3,-25.53
215916,HOMEM POTENCE MINI NAVIDAD 2025 CH,4.5,6.5,-1.27
152281,KAIAK AERO DES SPRAY FEM 100ML,3.5,9.1,-4.46
194811,KAIAK URBE MASC PRE BARBA 75G,1.8,7.8,-9.15
146892,ESSENCIAL DES HID OUD FEM 100ML,1.5,2.1,-1.1
115708,HUMOR PROPRIO EDT MINIATURA 25ML LTM,4.2,10.1,-3.89
197209,EKOS OLEO TRIF DES MARACU CORPORAL 100ML,2.3,10.6,-9.71
193724,TODODIA SAB BAR FRAM E PIMEN RO FP 90G,1.2,5.9,-10.77
194812,HUMOR DES HID PROPRIO CALDA CORP 120ML,2.0,8.1,-8.42
129964,AGUAS SABO BARR CAMPOS DE VIOLETAS 1X90G,3.5,7.5,-3.17
194808,KAIAK URBE MASC POS BARBA 75G,1.8,9.5,-11.45
186433,TODODIA SAB BAR SORTI FRASE 1 5X90G,3.2,11.7,-7.1
170797,EKOS SAB LIQ ESF MARACUJA 100ML LTM,3.1,5.9,-2.49
23081,TODODIA MACAD HID DES CORPO 200ML,8.8,17.1,-2.53
197516,HUMOR PAZ E HUMOR EDT MASC 25ML LTM,1.8,4.6,-4.22
196401,ILIA SECRETO EDP 25ML LTM,3.4,10.7,-5.95
155865,TODODIA GLOSS MANG ROSA AGUA COCO 10ML,5.2,8.5,-1.71
131415,KAIAK CLA E HUMOR PRI EDT FEM 2X25ML,2.1,3.8,-2.2
146912,EKOS SAB BAR PITANGA CREMOSO 100G,2.2,4.7,-3.08
197771,LUMINA COND MASCARA MONTADO 3X200ML,1.1,1.9,-2.05
215944,ESSENCIAL EXCLUSIVO MASC NAVIDAD 2025 CH,3.1,2.3,0.73
215945,HUMOR PROPRIO NAVIDAD 2025 CHI,5.3,7.6,-1.21
181136,TODODIA DES SPRAY CORP NOIT VERAO 200ML,4.0,6.5,-1.67
166370,AGUAS EDT FRAMBOESA FEMININO 150ML MEX,2.3,3.2,-1.01
191536,EKOS RF ESFOL ACAI EM PO 100G,1.1,2.4,-3.31
174597,EKOS DES HID CORP ACAI LUMINOS 250ML LTM,2.7,5.1,-2.49
194522,EKOS HID POLPA MAOS PITANGA 40G,1.0,4.4,-9.28
174171,EKOS EDT FRESCOR ACAI 75ML LTM,1.2,1.6,-0.8
140681,EKOS PO ESFOLIANTE ACAI 100G TERC LTM,2.3,4.1,-2.17
181134,TODODIA DES ROLLON NOIT DE VERAO 70ML,2.1,3.7,-2.14
194512,EKOS EDT FRESCOR PITANGA 75ML LTM,1.3,1.5,-0.24
181896,TODODIA DES HID CORP NOIT VER 400ML LTM,2.5,4.9,-2.56
181138,TODODIA SAB BAR NOIT DE VERAO 5X90G,1.3,2.5,-2.27
108150,UNA BASE MATTE 35Q 35C BF 30ML,1.1,1.1,0.05
140032,UNA BATOM INTRANSF VERMELHO 2M 7ML,1.2,1.0,0.28
176045,ESSENCIAL EAU PARFUM ATRAI FEM 50ML COL,2.0,3.2,-1.63
